Issuer,Future Predictions
ADIN,"[74091.13019704819, 74802.69178748131, 75732.0885360241, 76657.32324123383, 77458.89768004417, 78033.52758288383, 78507.39076733589, 78981.33248090744, 79480.80539703369, 79992.77368187904, 80624.61897730827, 81062.34952807426, 81354.17759418488, 81583.75978469849, 81786.6513133049, 82102.76335477829, 82323.61495494843, 82264.42247629166, 82070.16453146935, 81873.4259903431, 81727.36182808876, 81787.88468241692, 81843.53411197662, 81685.50118803978, 81442.82773137093, 81230.82220554352, 81090.69392085075, 81025.4454612732, 81022.16109633446, 81063.58751654625]"
ALK,"[1656383.7328906062, 1657481.0390033724, 1663154.0793285372, 1671189.5766305926, 1680628.7388181689, 1690445.271019459, 1699792.0905261042, 1708237.9373707774, 1714593.8644518855, 1720049.239886284, 1724082.8467788699, 1727665.2656483653, 1731070.0160770419, 1734126.4465451243, 1736712.4626264574, 1738944.6855487826, 1740126.756067753, 1740488.4081783297, 1740987.1709260943, 1741559.7516832354, 1740680.1104612353, 1739524.9849190714, 1737866.746138096, 1737397.7351355555, 1736029.5758705141, 1734267.4866580965, 1733788.6519660952, 1734134.305496693, 1735158.6356306078, 1735741.0400772097]"
AUMK,"[190398.5518425703, 190875.61509907246, 191443.22006702423, 192014.46385383606, 192542.43108332157, 193007.63009786606, 193405.7450890541, 193740.2399867773, 194017.91289448738, 195162.33552992344, 195589.52158093452, 195739.33936953545, 195721.58531844616, 195627.05501019955, 195510.30251979828, 195400.83895027637, 195311.75276637077, 195246.37814164162, 195202.7800142765, 195121.3494539261, 195016.86175763607, 194937.7386033535, 194886.4453613758, 194860.2007329464, 194854.20373380184, 194863.23026120663, 194882.54138827324, 194908.23878347874, 194937.24214434624, 194967.21585690975]"
BANA,"[56272.62782752514, 56276.49380117655, 56279.82570528984, 56281.95870369673, 56283.13443958759, 56283.77441316843, 56284.23008620739, 56284.72151905298, 56285.35271137953, 56286.14736199379, 56287.08261847496, 56288.11499774456, 56289.19699639082, 56290.284602344036, 56291.34279638529, 56292.3452347517, 56293.27435493469, 56294.11989450455, 56294.87719833851, 56295.54605484009, 56296.12963795662, 56296.632497012615, 56297.06161469221, 56297.42365628481, 56297.7264508605, 56297.977086901665, 56298.18265289068, 56298.350025713444, 56298.48491847515, 56298.593044281006]"
APTK,"[75000.00020824707, 75000.00020812146, 75000.0002078079, 75000.00020733973, 75000.00020677788, 75000.0002061821, 75000.0002055984, 75000.00020505837, 75000.00020457953, 75000.00020416986, 75000.00020382952, 75000.00020355394, 75000.00020333612, 75000.00020316773, 75000.00020304078, 75000.00020294692, 75000.00020287931, 75000.00020283181, 75000.0002027996, 75000.00020277826, 75000.00020276496, 75000.00020275716, 75000.00020275297, 75000.00020275085, 75000.00020275012, 75000.00020275006, 75000.00020275044, 75000.00020275073, 75000.00020275096, 75000.00020275096]"
AMEH,"[58626.00237131119, 58673.03974926472, 58735.749423503876, 58794.60155963898, 58842.91857481003, 58880.20873069763, 58908.47250819206, 58930.34927546978, 58948.17851483822, 58963.73346447945, 58978.15778851509, 58992.09409952164, 59005.78826665878, 59019.25519108772, 59032.379388809204, 59044.970870018005, 59056.865721940994, 59067.90189445019, 59077.984392642975, 59087.05547451973, 59095.10210156441, 59102.1466255188, 59108.24865102768, 59113.467782735825, 59117.897152900696, 59121.61871790886, 59124.72188472748, 59127.28860974312, 59129.400849342346, 59131.13310933113]"
ALKB,"[1199504.8550271895, 1200244.295786717, 1201093.5518365586, 1201803.027876187, 1202323.4748879913, 1202683.7974162772, 1202932.0790357888, 1203111.513281241, 1203253.3635478467, 1203377.4040164426, 1203494.6206798777, 1203610.180046875, 1203725.7700315677, 1203841.2196598947, 1203955.4882333614, 1204067.3246704973, 1204175.4884999245, 1204278.9538772777, 1204376.91322295, 1204468.8102649525, 1204554.2848664336, 1204633.1836357713, 1204705.4720143788, 1204771.2636818178, 1204830.7778122835, 1204884.2851147056, 1204932.1320843883, 1204974.7009878047, 1205012.3671190813, 1205045.563673135]"
BGOR,"[31951.781654357914, 31842.815208435062, 31742.14534759522, 31667.49877929688, 31623.345565795902, 31606.67362213135, 31611.600303649906, 31631.775665283207, 31661.557388305668, 31696.432685852054, 31733.08372497559, 31769.199371337894, 31803.32698822022, 31834.63344573975, 31862.7462387085, 31887.573242187504, 31909.238624572758, 31927.95734405518, 31944.016456604008, 31957.71236419678, 31969.33746337891, 31979.178810119633, 31987.482070922855, 31994.474220275883, 32000.348854064945, 32005.278205871586, 32009.414482116703, 32012.879180908207, 32015.775108337406, 32018.202400207523]"
ATPP,"[30077.205919474363, 30242.728430777788, 30482.67189580947, 30728.662361204624, 30946.441547200084, 31123.381759226322, 31258.961250633, 31358.400155603886, 31428.84797230363, 31477.353171259165, 31509.962781518698, 31531.454876810312, 31545.399559289217, 31554.350516200066, 31560.074727237225, 31563.750676065683, 31566.14774465561, 31567.750934511423, 31568.857706338167, 31569.647052884102, 31570.220862329006, 31570.641093701124, 31570.936546474695, 31571.130914241076, 31571.23440876603, 31571.256094425917, 31571.208649873734, 31571.098385751247, 31570.93620225787, 31570.72904109955]"
BIKF,"[71890.45794010162, 71969.80386078358, 72060.18985807896, 72138.48760724068, 72199.20968711376, 72244.02233660221, 72276.64612233639, 72300.65234601498, 72318.74546706676, 72332.69897401333, 72343.58094036579, 72351.97294652462, 72358.20558667183, 72362.48562037945, 72364.98995423317, 72365.90544581413, 72365.43996036053, 72363.83011043072, 72361.31693124771, 72358.13150703907, 72354.50160503387, 72350.62403380871, 72346.6635376215, 72342.75832474232, 72339.0112221241, 72335.49741506577, 72332.27439820766, 72329.35433387756, 72326.75601840019, 72324.47613477707]"
BIM,"[702390.9658127232, 701296.5363773168, 700210.0553850178, 699522.2477772855, 699292.7682435489, 699446.3136610459, 699869.2802304635, 700452.7053547674, 701108.3545790636, 701772.012182523, 702401.1270232964, 702970.5784659833, 703468.1665776297, 703890.6963054091, 704240.8217408229, 704524.6415056288, 704749.9800726306, 704925.2161950804, 705058.6200241465, 705157.7798743267, 705229.4690322131, 705279.5238352846, 705312.8523805644, 705333.4970220458, 705344.7317027487, 705349.1285503376, 705348.7592007965, 705345.1358869206, 705339.4875539932, 705332.6543313451]"
BLTU,"[10000.0, 10000.0, 10000.0, 10000.0, 10000.0, 10000.0, 10000.0, 10000.0, 10000.0, 10000.0, 10000.0, 10000.0, 10000.0, 10000.0, 10000.0, 10000.0, 10000.0, 10000.0, 10000.0, 10000.0, 10000.0, 10000.0, 10000.0, 10000.0, 10000.0, 10000.0, 10000.0, 10000.0, 10000.0, 10000.0]"
CBNG,"[320000.0, 320000.0, 320000.0, 320000.0, 320000.0, 320000.0, 320000.0, 320000.0, 320000.0, 320000.0, 320000.0, 320000.0, 320000.0, 320000.0, 320000.0, 320000.0, 320000.0, 320000.0, 320000.0, 320000.0, 320000.0, 320000.0, 320000.0, 320000.0, 320000.0, 320000.0, 320000.0, 320000.0, 320000.0, 320000.0]"
CDHV,"[1502064.6028220654, 1502069.4095641375, 1501938.1219521165, 1501680.3013160825, 1501342.5656594336, 1500972.4316187203, 1500605.5931560695, 1500264.1571685672, 1499959.1663479805, 1499694.096017629, 1499467.8666815162, 1499277.0660668612, 1499117.35849455, 1498984.304163605, 1498873.7632520497, 1498782.08367154, 1498706.1341293156, 1498643.2663165033, 1498591.2726260722, 1498548.3103431761, 1498512.8463245928, 1498483.6132265627, 1498459.5439396799, 1498439.761530608, 1498423.5271811485, 1498410.2293848991, 1498399.355635047, 1498390.4782682657, 1498383.2441270351, 1498377.3600310087]"
CEVI,"[74248.63820719719, 74119.74210715294, 74080.63473200798, 74098.7360213995, 74146.0774204731, 74199.6918233633, 74243.09987950325, 74266.1348016262, 74263.99858951569, 74236.01308059692, 74184.34839510918, 74112.86440837383, 74026.26304757595, 73929.4044778347, 73826.87194788456, 73722.66661691666, 73620.12843561172, 73521.8287703991, 73429.66082513332, 73344.86224651337, 73268.15075659752, 73199.80327177048, 73139.74067306519, 73087.64648461342, 73043.01773583889, 73005.21017229557, 72973.55693411827, 72947.36855602264, 72925.93296730518, 72908.60026216507]"
CKB,"[52826.17616653443, 52836.17758750916, 52913.041114807136, 53027.13584899903, 53158.03194046021, 53292.33121871949, 53421.8282699585, 53541.929006576545, 53650.5048274994, 53746.94204330445, 53831.57110214234, 53905.207395553596, 53968.90664100648, 54023.77605438233, 54070.909976959236, 54111.312627792366, 54145.88737487794, 54175.44531822205, 54200.681686401374, 54222.21231460572, 54240.56720733643, 54256.1948299408, 54269.49644088746, 54280.80034255982, 54290.40479660035, 54298.560857772834, 54305.47237396241, 54311.330318450935, 54316.28918647767, 54320.490598678596]"
DEBA,"[155000.0004436685, 155000.00044404424, 155000.0004445199, 155000.00044502717, 155000.00044555945, 155000.00044611676, 155000.00044669196, 155000.0004472709, 155000.00044783717, 155000.00044837568, 155000.0004488748, 155000.00044932723, 155000.0004497295, 155000.00045008227, 155000.00045038754, 155000.0004506494, 155000.0004508725, 155000.00045106222, 155000.00045122282, 155000.00045135876, 155000.00045147413, 155000.0004515723, 155000.0004516557, 155000.00045172733, 155000.00045178866, 155000.00045184125, 155000.00045188685, 155000.00045192623, 155000.00045196034, 155000.0004519898]"
CKBKO,"[-6.947682122699916, -10.26455545797944, -6.4481719164177775, 2.7932424563914537, 14.714141143485904, 27.120178565382957, 38.74314948916435, 49.07038062810898, 58.05526860058308, 65.87535608559847, 72.77070544660091, 78.95956747233868, 84.60366167128086, 89.80580605566502, 94.61923502385616, 99.06494989991188, 103.14507409930229, 106.85445740818977, 110.18878780305386, 113.14960196614265, 115.74473232030869, 117.98938736319542, 119.90498751401901, 121.51780538260937, 122.8564977645874, 123.95145371556282, 124.8327735811472, 125.53015723824501, 126.07085518538952, 126.48015283048153]"
EDST,"[6099.99988118207, 6099.999881461845, 6099.999881794443, 6099.999882073782, 6099.999882262724, 6099.99988236223, 6099.999882389384, 6099.9998823651695, 6099.999882310542, 6099.999882241478, 6099.999882169912, 6099.999882103031, 6099.99988204526, 6099.999881998578, 6099.999881962314, 6099.99988193647, 6099.999881918717, 6099.9998819077155, 6099.999881901807, 6099.999881899857, 6099.999881899741, 6099.99988190108, 6099.999881902739, 6099.999881904514, 6099.999881906289, 6099.99988190725, 6099.99988190789, 6099.999881907919, 6099.99988190693, 6099.999881905678]"
DIMI,"[124605.7653784752, 123525.81968307497, 122055.35969734193, 120389.32169675828, 118668.65324974062, 116992.78583526613, 115427.01166868211, 114009.86052751543, 112759.98733043672, 111681.42677545549, 110768.49216222765, 110008.92055034639, 109386.95437908174, 108885.16502380373, 108485.99678277971, 108172.65006303789, 107929.7548890114, 107743.73942613603, 107602.79821157457, 107497.05735445024, 107418.3203816414, 107359.99199151994, 107316.77306890489, 107284.65433120729, 107260.40166616441, 107241.77216291429, 107226.9930958748, 107214.83817100526, 107204.44326400758, 107195.31912803651]"
ELMA,"[3764.6579146385193, 3764.6204233169556, 3764.404237270355, 3764.0804648399353, 3763.704478740692, 3763.3150219917297, 3762.938916683197, 3762.592911720276, 3762.2867226600647, 3762.024164199829, 3761.805474758148, 3761.6283893585205, 3761.4890336990356, 3761.382579803467, 3761.3043785095215, 3761.249363422394, 3761.21324300766, 3761.1919045448303, 3761.182188987732, 3761.180877685547, 3761.185944080353, 3761.1953616142273, 3761.2077593803406, 3761.2220644950867, 3761.237144470215, 3761.2523436546326, 3761.26766204834, 3761.282205581665, 3761.2960934638977, 3761.309504508972]"
ELNC,"[314999.9999259146, 314999.9999255995, 314999.9999252269, 314999.99992489914, 314999.9999246473, 314999.9999244715, 314999.9999243603, 314999.9999243004, 314999.9999242791, 314999.999924286, 314999.9999243128, 314999.9999243533, 314999.9999244027, 314999.99992445734, 314999.9999245143, 314999.9999245716, 314999.9999246278, 314999.9999246816, 314999.9999247321, 314999.9999247792, 314999.99992482224, 314999.9999248613, 314999.9999248961, 314999.9999249272, 314999.99992495455, 314999.9999249784, 314999.9999249991, 314999.999925017, 314999.99992503214, 314999.9999250451]"
ENER,"[119999.99990881284, 119999.99990856904, 119999.99990828108, 119999.99990803565, 119999.99990786053, 119999.99990775509, 119999.99990770702, 119999.99990770007, 119999.99990771982, 119999.99990775393, 119999.99990779307, 119999.99990783066, 119999.99990786269, 119999.99990788689, 119999.99990790241, 119999.99990790879, 119999.9999079073, 119999.99990789886, 119999.99990788469, 119999.9999078662, 119999.99990784469, 119999.99990782118, 119999.99990779697, 119999.99990777262, 119999.9999077491, 119999.99990772673, 119999.99990770587, 119999.99990768675, 119999.99990766938, 119999.99990765398]"
EUHA,"[174.2613986134529, 178.94461378455162, 184.90154296159744, 190.3851181268692, 194.55496966838837, 197.16650247573853, 198.3264908194542, 198.31323623657227, 197.45774567127228, 196.07312232255936, 194.419763982296, 192.6940307021141, 191.03068113327026, 189.51214849948883, 188.18054348230362, 187.0488077402115, 186.11111864447594, 185.3502318263054, 184.7434937953949, 184.2665746808052, 183.89620631933212, 183.6114227771759, 183.39400738477707, 183.2290068268776, 183.10406059026718, 183.00961330533028, 182.93818831443787, 182.88391828536987, 182.84252285957336, 182.8107386827469]"
EUMK,"[1002074.4222998619, 1001987.3717427254, 1001943.2534277439, 1001924.3960678577, 1001923.9168465137, 1001936.7479979992, 1001959.2055082321, 1001988.5039031506, 1002022.4986672401, 1002059.4226717949, 1002097.8801846504, 1002136.7150843143, 1002175.0468015671, 1002212.234377861, 1002247.6907670498, 1002281.0745239258, 1002312.1819794178, 1002340.917289257, 1002367.1786189079, 1002391.0318613052, 1002412.536919117, 1002431.8315684795, 1002449.0236341953, 1002464.2928242683, 1002477.7709245682, 1002489.6256625652, 1002500.0607073307, 1002509.1479420662, 1002517.0970261097, 1002524.0097939968]"
EVRO,"[301457.196867466, 301493.8299417496, 301538.8803243637, 301595.4827129841, 301660.09793281555, 301729.11009788513, 301799.3043124676, 301868.08285713196, 301933.56630802155, 301994.4714963436, 302050.0661790371, 302100.01910328865, 302144.32329535484, 302183.13566446304, 302216.8258190155, 302245.7877755165, 302270.4992353916, 302291.4239525795, 302309.0431153774, 302323.7856090069, 302336.04544997215, 302346.1887598038, 302354.5467913151, 302361.3984942436, 302366.9914364815, 302371.54529094696, 302375.2309143543, 302378.20870280266, 302380.5972099304, 302382.5045287609]"
FAKM,"[604936.3136798145, 605062.5447362663, 605180.6907087566, 605290.9036397935, 605388.1124645473, 605468.0689364673, 605528.7338972093, 605570.0179100038, 605593.3519631625, 605601.4191597701, 605597.1619695426, 605583.719623089, 605563.9451533557, 605540.3964519502, 605515.0679588319, 605489.5427048207, 605464.9565368892, 605442.1591043473, 605421.5170979501, 605403.3346027137, 605387.6652806998, 605374.437582493, 605363.481578231, 605354.5647323133, 605347.5081712009, 605342.0346409084, 605337.9384368659, 605335.0138545037, 605333.0104708673, 605331.8120181562]"
FERS,"[5740569.817653298, 5740575.598870218, 5743131.022427231, 5741205.500157177, 5739668.073492497, 5738667.922965437, 5738320.170199871, 5738422.221246362, 5738713.669986278, 5738984.2560738325, 5739095.355981588, 5738982.999287546, 5738636.000593752, 5738079.7469832, 5737358.603011817, 5736525.479382277, 5735630.270510167, 5734718.472059071, 5733825.651080906, 5732979.079838097, 5732198.741232604, 5731493.80980432, 5730870.946520567, 5730329.900024086, 5729868.156742305, 5729479.809779674, 5729158.826562017, 5728896.660942584, 5728686.274918169, 5728519.876413792]"
FKTL,"[62000.000239177345, 62000.0002393575, 62000.00023947866, 62000.0002394926, 62000.00023942397, 62000.00023931656, 62000.00023920898, 62000.000239127636, 62000.00023908663, 62000.000239090004, 62000.00023913478, 62000.00023921425, 62000.00023931982, 62000.000239442656, 62000.0002395749, 62000.00023970968, 62000.000239842106, 62000.00023996811, 62000.000240085035, 62000.00024019182, 62000.0002402876, 62000.00024037241, 62000.00024044681, 62000.000240511436, 62000.000240567184, 62000.000240615045, 62000.000240655936, 62000.000240690904, 62000.000240720634, 62000.000240745925]"
FROT,"[11974.041033070534, 11963.678286410868, 11955.230365041643, 11950.793169438839, 11950.652771396562, 11954.188798321411, 11960.436098044738, 11968.400727491826, 11977.214139304124, 11986.190949799493, 11994.834994839039, 12002.818906315952, 12009.95424768189, 12016.159348539077, 12021.429432788864, 12025.812049163505, 12029.386622365564, 12032.248874893412, 12034.499677829444, 12036.237868247554, 12037.554958369583, 12038.532251026481, 12039.24053395167, 12039.739332161844, 12040.077749406919, 12040.295833256096, 12040.425041224808, 12040.490395855159, 12040.510829770938, 12040.50083225593]"
FUBT,"[125428.5879164934, 125498.25442433356, 125450.50750672816, 125330.22649884222, 125170.20013034342, 124996.7901200056, 124828.62382531165, 124677.39105820654, 124549.16097819804, 124445.966181159, 124367.19593405722, 124310.51704585551, 124272.87585139273, 124250.83697736262, 124241.16067588328, 124240.80282449721, 124247.18212187289, 124258.08943212031, 124271.81661128996, 124286.99905276297, 124302.61091589926, 124317.90786981581, 124332.41277933119, 124345.8250492811, 124357.92996883391, 124368.65596771239, 124378.04121673106, 124386.1477434635, 124393.02803277968, 124398.83476793765]"
GALE,"[129504.81176376343, 129231.65559768677, 129039.18921947479, 128947.11792469025, 128936.41591072083, 128981.64749145508, 129060.66119670868, 129156.4017534256, 129257.07995891571, 129355.2553653717, 129446.69246673584, 129529.27350997925, 129602.40960121155, 129666.36121273041, 129721.79651260376, 129769.6441411972, 129810.83273887634, 129846.27962112427, 129876.788854599, 129903.14185619354, 129925.89354515076, 129945.61016559601, 129962.71073818207, 129977.6029586792, 129990.5812740326, 130001.92880630493, 130011.83807849884, 130020.54691314697, 130028.1685590744, 130034.87288951874]"
GDKM,"[123371.71772122383, 123371.51901721954, 123370.70744037628, 123369.72362399101, 123368.6773955822, 123367.59786605835, 123366.49495959282, 123365.37815928459, 123364.26268219948, 123363.1696999073, 123362.1186196804, 123361.12664341927, 123360.20942926407, 123359.37425494194, 123358.6270749569, 123357.96766877174, 123357.39361047745, 123356.89982771873, 123356.47970438004, 123356.1264038086, 123355.83132505417, 123355.58851361275, 123355.38958907127, 123355.227714777, 123355.09737730026, 123354.99328374863, 123354.910582304, 123354.8459649086, 123354.79457974434, 123354.7551035881]"
GECK,"[42385.44903695583, 42340.13845026493, 42304.597184062004, 42275.36043524742, 42251.55870616436, 42232.78670012951, 42218.613624572754, 42208.477690815926, 42201.74326002598, 42197.73864746094, 42195.82645595074, 42195.44665515423, 42196.11130654812, 42197.44236767292, 42199.14707541466, 42200.99860429764, 42250.23555755615, 42289.05612230301, 42320.79058885574, 42345.81699967384, 42365.41190743446, 42345.52951157093, 42361.71939969063, 42379.817962646484, 42393.00988614559, 42399.494633078575, 42399.795308709145, 42395.36254107952, 42387.79993355274, 42378.54140996933]"
GECT,"[46494.71887946129, 46544.59112882614, 46827.64223217964, 47298.12783002853, 47896.99962735175, 48566.71929359435, 49258.65420699119, 49935.7906281948, 50572.6314485073, 51153.77587080001, 51671.82114720344, 52125.23490190505, 52516.45576953887, 52850.32179951667, 53132.921874523156, 53370.77909708022, 53610.943287611, 53807.10840225219, 53944.97320055961, 54030.49910068511, 54070.51596045493, 54024.24353361129, 54012.3963356018, 53994.47146058082, 53971.05860710143, 53940.80048799514, 53905.00396490096, 53865.81072211265, 53825.369447469704, 53785.510867834084]"
GIMS,"[730413.239389658, 730884.1024115682, 731469.979763031, 732016.8112143874, 732465.9549146891, 732806.6718131304, 733050.3357499838, 733216.2062376738, 733324.1966217756, 733391.6049152613, 733432.0917874575, 733455.7281732559, 733469.5284962654, 733478.1203716993, 733484.4047874212, 733490.0448918343, 733495.9166944027, 733502.3820251226, 733509.5107108355, 733517.2075331211, 733525.3074467182, 733533.6263626814, 733541.9833660126, 733550.229281187, 733558.2339763641, 733565.8927112818, 733573.148354888, 733579.9437761307, 733586.2472355366, 733592.052385211]"
GRDN,"[30999.999919685913, 30999.999919893628, 30999.99991991275, 30999.99991986649, 30999.99991980649, 30999.99991975163, 30999.999919705282, 30999.99991966736, 30999.999919635666, 30999.99991960847, 30999.999919584967, 30999.999624188058, 30999.999513148738, 30999.99929441273, 30999.999159749423, 30999.99915663182, 30999.999264862214, 30999.999441804423, 30999.999645080767, 30999.99984190082, 31000.000011202486, 31000.000142387536, 31000.00023280336, 31000.000285088317, 31000.000304891204, 31000.000299145875, 31000.000274885446, 31000.00023851423, 31000.00019543314, 31000.000149908956]"
GRSN,"[60495.291978120804, 60264.87922668457, 59953.973203897476, 59607.948035001755, 59254.60857152939, 58910.51521897316, 58584.33482050896, 58279.60950136185, 57996.993362903595, 57735.52742600441, 57493.665128946304, 57269.63263750076, 57061.82795763016, 56868.873596191406, 56689.65536355972, 56523.28357100487, 56369.12351846695, 56226.57930850983, 56095.23242712021, 55974.62832927704, 55864.41779136658, 55764.185070991516, 55673.48116636276, 55591.85153245926, 55518.82776618004, 55453.88326048851, 55396.47755026817, 55346.04799747467, 55302.059680223465, 55263.944417238235]"
GRNT,"[115338.15050125122, 115501.57021284103, 115698.35279583931, 114734.42143797874, 114897.98910021782, 113994.05173063278, 113213.87507915497, 112579.79147434235, 112116.65662527084, 111821.0430085659, 112496.59389257431, 113287.24216222763, 114048.99073839188, 113793.23338270187, 114353.8183927536, 114836.17860674858, 115219.50230002403, 115465.41271805763, 114659.27894711494, 114792.23726391792, 114920.7817196846, 115051.8824338913, 115145.35436630249, 115189.3285870552, 115176.11988186836, 115100.13078451157, 114032.85589814186, 114056.57731890678, 114128.25940847397, 114233.22217464447]"
GRZD,"[94900.93186032027, 94585.17528604716, 94157.56767615676, 93718.90323236585, 93323.89284856617, 92996.70974723995, 92742.58811026812, 92556.17316812277, 92427.14874446392, 92343.75294297934, 92294.75270956755, 92270.41821926832, 92262.85945624113, 92265.99667221308, 92275.35456418991, 92287.78138756752, 92301.16225779057, 92314.16489928961, 92326.01542025805, 92336.33171766996, 92344.99368816614, 92352.03813761473, 92357.59679228067, 92361.85126006603, 92364.99331891537, 92367.21377819777, 92368.68843436241, 92369.57129091024, 92369.99794840813, 92370.07785588503]"
GTC,"[179499.85280632973, 179498.8961815834, 179498.11786413193, 179497.4128305912, 179496.75473570824, 179496.12879753113, 179495.52744627, 179494.9485063553, 179494.39334869385, 179493.86531114578, 179493.36802959442, 179492.9050207138, 179492.4782216549, 179492.08852648735, 179491.73578619957, 179491.41857028008, 179491.13497138023, 179490.88245630264, 179490.65858125687, 179490.46048521996, 179490.2856349945, 179490.1311993599, 179489.99518156052, 179489.8753464222, 179489.7697865963, 179481.94846510887, 179478.44710946083, 179478.65879535675, 179480.02260923386, 179481.92128539085]"
GTRG,"[300000.0001057577, 300000.0001056224, 300000.00010548584, 300000.0001053995, 300000.00010537414, 300000.00010540185, 300000.0001054682, 300000.0001055587, 300000.00010566035, 300000.00010576355, 300000.00010586146, 300000.00010594976, 300000.0001060264, 300000.00010609056, 300000.00010614254, 300000.00010618335, 300000.00010621425, 300000.0001062366, 300000.0001062519, 300000.0001062615, 300000.0001062667, 300000.0001062684, 300000.0001062676, 300000.000106265, 300000.0001062612, 300000.00010625663, 300000.0001062518, 300000.00010624673, 300000.00010624167, 300000.00010623696]"
IJUG,"[239507.61590190232, 237319.33364784345, 235021.02047279477, 233054.85608833842, 231623.3008917421, 230710.7238384895, 230210.94497996382, 229998.722086614, 229963.14760646783, 226987.65493081883, 229402.4976639077, 232899.64264361188, 236174.97251937166, 238754.98442044482, 240573.87964669615, 241737.1020739898, 242400.32624267042, 242713.53004574776, 242799.75718818605, 242751.04196760803, 242631.72967974097, 242484.1777894646, 242334.5217263326, 242197.5953919813, 242080.6690396741, 241986.23458910733, 241913.91721833497, 241861.754928343, 241827.11879555136, 241807.08262380213]"
INB,"[398229.0863990783, 397935.0805282592, 397460.5441093444, 396881.15119934076, 395999.06206130976, 395931.0412406921, 396123.1589317321, 396776.1874198913, 397120.5115318298, 397231.3046455383, 397156.56042098993, 396865.5586242675, 397115.4332160949, 397013.97418975824, 396705.77049255365, 396269.8578834533, 395757.5917243957, 395203.2327651977, 394630.20563125605, 394054.74662780756, 393488.55018615717, 392940.19937515253, 392416.2030220031, 391921.1387634277, 391219.4371223449, 391325.831413269, 391330.90972900385, 391267.93146133417, 391154.4203758239, 391004.2524337768]"
INDI,"[18014.538748725317, 18029.512583930045, 18044.675872847438, 18052.235594997182, 18050.314685842022, 18039.986944105476, 18023.476300900802, 18003.169611035264, 17981.14359623287, 17958.994177682325, 17937.82861866057, 17918.33383431658, 17900.86829420179, 17885.552610456944, 17872.34787940979, 17861.116256564856, 17851.666472107172, 17843.784982524812, 17837.257842719555, 17831.881606206298, 17827.47277673334, 17823.86869750917, 17820.929587818682, 17818.536606803536, 17816.59007500857, 17815.007452107966, 17813.72084133327, 17812.674666009843, 17811.823790706694, 17811.13119777292]"
INEK,"[61237.418465316296, 61030.76219558716, 60733.49017649889, 60437.34759092331, 60176.61510966718, 59959.30488221347, 59782.61391632259, 59640.19398204982, 59525.30030161142, 59431.99586123228, 59355.46964406967, 59291.99617356062, 59238.76315355301, 59193.67711991072, 59155.18719702959, 59122.13623523712, 59093.648716807365, 59069.04425472021, 59047.785736620426, 59029.42780405283, 59013.60232383013, 58999.99123066664, 58988.316021859646, 58978.33116352558, 58969.822861254215, 58962.59341388941, 58956.471495330334, 58951.30645483732, 58946.96373492479, 58943.32442432642]"
INHO,"[400500.0, 400500.0, 400500.0, 400500.0, 400500.0, 400500.0, 400500.0, 400500.0, 400500.0, 400500.0, 400500.0, 400500.0, 400500.0, 400500.0, 400500.0, 400500.0, 400500.0, 400500.0, 400500.0, 400500.0, 400500.0, 400500.0, 400500.0, 400500.0, 400500.0, 400500.0, 400500.0, 400500.0, 400500.0, 400500.0]"
INOV,"[77300.00021544284, 77300.00021215384, 77300.00021053526, 77300.00020990144, 77300.00020982717, 77300.00021005709, 77300.00021044993, 77300.000210935, 77300.00021148658, 77300.00021210163, 77300.00021278819, 77300.00021355534, 77300.00021440936, 77300.00021535104, 77300.00021637506, 77300.00021747094, 77300.00021862391, 77300.00021981653, 77300.00022103051, 77300.00022224804, 77300.00022345148, 77300.00022462606, 77300.0002257581, 77300.00022683742, 77300.00022785588, 77300.00022880813, 77300.00022969056, 77300.00023050226, 77300.00023124304, 77300.00023191464]"
INPR,"[62538.449812680476, 62676.854938268654, 62565.468911081545, 62131.88468851148, 61455.93241043388, 60653.80915999412, 59826.81451365351, 59045.73629051446, 58351.645167917006, 57762.63120770454, 57281.211957335465, 56900.61312913894, 56609.27322879433, 56393.83086189627, 56240.93944951891, 56138.22987303137, 56074.81094822287, 56041.403848677866, 56030.279953032725, 56035.16544774174, 56051.072213798754, 56074.07306507229, 56101.18900611996, 56130.193378776305, 56159.460816532366, 56187.85667046904, 56214.63438495993, 56239.33504149317, 56261.723037809126, 56281.72754868864]"
INTP,"[214000.0, 214000.0, 214000.0, 214000.0, 214000.0, 214000.0, 214000.0, 214000.0, 214000.0, 214000.0, 214000.0, 214000.0, 214000.0, 214000.0, 214000.0, 214000.0, 214000.0, 214000.0, 214000.0, 214000.0, 214000.0, 214000.0, 214000.0, 214000.0, 214000.0, 214000.0, 214000.0, 214000.0, 214000.0, 214000.0]"
JAKO,"[9094.676635041833, 9095.020154118538, 9095.477642863989, 9095.991919189692, 9096.567085385323, 9097.221233695745, 9097.963098436594, 9098.786065820605, 9099.670595023781, 9100.589545909315, 9101.513494271785, 9102.41481885314, 9103.270348161459, 9104.062572866678, 9104.779888689518, 9105.416171997786, 9105.969870090485, 9106.443125754595, 9106.840692460537, 9107.169067114592, 9107.435762137175, 9107.648642361164, 9107.815504074097, 9107.94375911355, 9108.040169626474, 9108.110819756985, 9108.160962164402, 9108.195120841265, 9108.217069506645, 9108.229884505272]"
JULI,"[37199.99909198459, 37199.99924736121, 37199.999414431164, 37199.99957809737, 37199.99972782226, 37199.99985722685, 37199.999963365655, 37200.00004589517, 37200.00010626244, 37200.00014702551, 37200.000171292806, 37200.00018231897, 37200.00018321851, 37200.00017679209, 37200.00016543409, 37200.00015110095, 37200.00013532542, 37200.00011925317, 37200.000103696286, 37200.00008919002, 37200.0000760506, 37200.00006442756, 37200.00005434827, 37200.00004575656, 37200.00003854257, 37200.000032566815, 37200.0000276769, 37200.000023719724, 37200.00002054964, 37200.0000180337]"
JUSK,"[487364.4734919071, 487402.15986967087, 487455.8053910732, 487528.95526587963, 487619.87678706646, 487724.3635803461, 487837.49110996723, 487954.426035285, 488070.9505826235, 488183.7361305952, 488290.19501805305, 488388.6971324682, 488478.2735258341, 488558.4454238415, 488629.2128264904, 488690.90631604195, 488744.0502643585, 488789.35143351555, 488827.4823874235, 488859.33227837086, 488885.6192678213, 488907.0615172386, 488924.41138625145, 488938.21604549885, 488949.09106194973, 488957.51520991325, 488963.94446492195, 488968.7208086252, 488972.2090214491, 488974.65988993645]"
KARO,"[74193.57711747289, 74280.77140748501, 74459.82951894403, 74653.70188653469, 74820.2837228775, 74941.86975955963, 75016.73659682274, 75051.9615650177, 75058.24517607689, 75046.63703143597, 75026.71320736408, 75005.82663118839, 74988.97295743227, 74979.05697822571, 74977.30418145657, 74983.69619399309, 74997.41541147232, 75017.16652810574, 75041.46683216095, 75068.817076087, 75097.84662425518, 75127.35203653574, 75156.37791007757, 75184.17278379202, 75210.20751148462, 75234.13116633892, 75255.75450509787, 75275.0077098608, 75291.9293642044, 75306.60949647427]"
KDFO,"[61644.758494151756, 61619.27938821027, 61572.24812169152, 61516.56509691384, 61457.43216034025, 61398.1079160003, 61341.25744220801, 61289.11747178063, 61243.37470969185, 61205.072456318885, 61174.6192115359, 61151.874196808785, 61136.286692507565, 61127.032146882266, 61123.14344253391, 61123.61230077222, 61127.466185204685, 61133.815054968, 61141.881342139095, 61151.010789722204, 61160.673258733004, 61170.45200550929, 61180.033650808036, 61189.19324874878, 61197.77970165014, 61205.699733644724, 61212.907513882965, 61219.39306911081, 61225.16867853701, 61230.26783615351]"
KJUBI,"[143308.32839012146, 143267.779648304, 143255.06180524826, 143254.11051511765, 143255.10144233704, 143252.82514095306, 143244.99398469925, 143231.20027780533, 143212.0555639267, 143188.66401910782, 143162.31667995453, 143134.16302204132, 143105.3015589714, 143076.58731937408, 143048.68280887604, 143022.04102277756, 142997.03001976013, 142973.81967306137, 142952.51190662384, 142933.1237077713, 142915.60977697372, 142899.90216493607, 142885.87629795074, 142873.43591451645, 142862.43945360184, 142852.76234149933, 142844.2856669426, 142836.89618110657, 142830.4523229599, 142824.85783100128]"
KKST,"[32000.00016684366, 32000.00016765934, 32000.000168720057, 32000.000169737235, 32000.000170586325, 32000.000171232794, 32000.00017168731, 32000.000171980384, 32000.000172147164, 32000.000172221087, 32000.000172230837, 32000.00017219865, 32000.00017214165, 32000.000172071916, 32000.000171997992, 32000.000171925538, 32000.000171857624, 32000.00017179642, 32000.000171742664, 32000.00017169636, 32000.000171657317, 32000.00017162491, 32000.000171598513, 32000.000171577354, 32000.00017156059, 32000.000171547726, 32000.000171537977, 32000.000171530875, 32000.000171525782, 32000.000171522493]"
KLST,"[12000.000194207067, 12000.000193719228, 12000.000193057916, 12000.000192369189, 12000.000191717016, 12000.000191126484, 12000.000190605482, 12000.000190154067, 12000.000189768965, 12000.000189445505, 12000.000189178128, 12000.000188960912, 12000.000188787904, 12000.000188652892, 12000.000188550403, 12000.000188474762, 12000.000188421123, 12000.000188385078, 12000.0001883628, 12000.000188351027, 12000.000188347069, 12000.000188348626, 12000.000188354068, 12000.000188361853, 12000.000188370876, 12000.000188380596, 12000.00018839023, 12000.000188399485, 12000.0001884081, 12000.000188415957]"
KMB,"[1395539.4850183728, 1402457.8779305222, 1408661.087932706, 1413488.34490639, 1415965.4549832346, 1418927.2714741232, 1421138.6923141482, 1424289.2460606697, 1425946.5215687158, 1427268.2894743683, 1429380.2950329783, 1432119.603428364, 1434666.5318707826, 1437822.3219947221, 1440469.1210557225, 1442873.6048544648, 1444544.5404775145, 1446393.2093746664, 1447733.2666565182, 1449025.5135358574, 1449751.169200659, 1449761.641955495, 1449477.2080053093, 1449373.391131282, 1449356.6954351666, 1448683.555323601, 1447394.6475834849, 1447550.5246735814, 1446610.2534241679, 1447150.435083032]"
KOMU,"[44626.7915725708, 44623.94857406616, 44614.485454559326, 44601.60799026489, 44587.47367858887, 44573.54106903076, 44560.691928863525, 44549.3688583374, 44539.72291946411, 44531.7177772522, 44525.21524429321, 44520.02649307251, 44515.94982147217, 44512.790966033936, 44510.376262664795, 44508.55464935303, 44507.19909667969, 44506.2068939209, 44505.49335479736, 44504.991245269775, 44504.64849472046, 44504.42361831665, 44504.2857170105, 44504.20904159546, 44504.17613983154, 44504.171562194824, 44504.18758392334, 44504.21504974365, 44504.24823760986, 44504.28400039673]"
KMPR,"[98119.72069740297, 98248.18929433824, 98563.14989328386, 98987.0791077614, 99465.06692171098, 99958.59626531602, 100442.1182870865, 100899.8500108719, 101322.88333177568, 101706.98658227922, 102050.90805292131, 102355.37208318712, 102622.18952178957, 102853.90826463701, 103053.33671569826, 103223.53107929231, 103367.42683649065, 103487.98488378526, 103587.95008659364, 103669.959294796, 103736.5032196045, 103789.72311019899, 103831.6458463669, 103864.06321525575, 103888.58274221422, 103906.59592151643, 103919.28457021715, 103927.72884368898, 103932.79922008516, 103935.23274660112]"
KONF,"[9999.999879781353, 9999.999879803618, 9999.999879741888, 9999.999879589064, 9999.999879374627, 9999.999879134579, 9999.999878899303, 9999.999878689348, 9999.999878515715, 9999.999878382492, 9999.999878287832, 9999.999878227616, 9999.999878195908, 9999.99987818639, 9999.999878193274, 9999.999878211172, 9999.999878235896, 9999.999878264229, 9999.999878293434, 9999.999878321752, 9999.999878348048, 9999.999878371767, 9999.999878392548, 9999.999878410155, 9999.99987842497, 9999.999878437047, 9999.999878446884, 9999.999878454699, 9999.999878460709, 9999.999878465467]"
KONZ,"[64330.960953235626, 64227.149057388306, 64115.58935046196, 64008.77084136009, 63911.88532114029, 63827.42102146149, 63755.800622701645, 63696.20667695999, 63647.33525514603, 63607.782739400864, 63576.1774122715, 63551.36687159538, 63532.33429193497, 63518.28615069389, 63508.46880078316, 63502.27613449097, 63499.114006757736, 63498.54378700256, 63500.067031383514, 63503.280997276306, 63507.862693071365, 63513.43330144882, 63519.729644060135, 63526.48056745529, 63533.48270654678, 63540.564596652985, 63547.58268594742, 63554.38943505287, 63560.96091866493, 63567.18149781227]"
KORZ,"[12000.000042960335, 12000.000042852054, 12000.00004270254, 12000.000042544994, 12000.000042396245, 12000.000042264128, 12000.000042152406, 12000.000042061456, 12000.000041990712, 12000.000041938049, 12000.000041901181, 12000.000041877585, 12000.000041864809, 12000.000041860341, 12000.000041862306, 12000.00004186865, 12000.000041877978, 12000.000041889067, 12000.000041900978, 12000.000041912961, 12000.000041924675, 12000.000041935786, 12000.000041945761, 12000.000041954878, 12000.000041962918, 12000.000041969924, 12000.000041976, 12000.000041981108, 12000.000041985502, 12000.00004198917]"
KPSS,"[24924.415370821953, 24960.239991545677, 25001.24359726906, 25037.251017987728, 25065.657092630863, 25086.929789185524, 25102.51688361168, 25113.92255872488, 25122.391943633556, 25128.834860026836, 25133.882229030132, 25137.94456720352, 25141.27361625433, 25144.033373892307, 25146.326208114624, 25148.22210520506, 25149.770160019398, 25151.00693255663, 25151.97420567274, 25152.71062850952, 25153.245449066162, 25153.608959913254, 25153.835631906986, 25153.949490189552, 25153.975604474545, 25153.933821618557, 25153.845033049583, 25153.72177362442, 25153.575533628464, 25153.41884791851]"
KULT,"[150000.0, 150000.0, 150000.0, 150000.0, 150000.0, 150000.0, 150000.0, 150000.0, 150000.0, 150000.0, 150000.0, 150000.0, 150000.0, 150000.0, 150000.0, 150000.0, 150000.0, 150000.0, 150000.0, 150000.0, 150000.0, 150000.0, 150000.0, 150000.0, 150000.0, 150000.0, 150000.0, 150000.0, 150000.0, 150000.0]"
KVAS,"[1227059.5845550299, 1226875.005069375, 1226664.2377972603, 1226474.4099885225, 1226321.9394743443, 1226207.9297482967, 1226126.6211122274, 1226069.6969926357, 1226029.5136779547, 1225999.3425488472, 1225974.5812296867, 1225951.730838418, 1225928.9881050587, 1225905.4110229015, 1225880.945762992, 1225855.7268977165, 1225830.0235718489, 1225804.5355618, 1225779.8280715942, 1225756.1433315277, 1225733.911973238, 1225713.3762270212, 1225694.7514086962, 1225677.9567748308, 1225662.9923254251, 1225649.8311460018, 1225638.4732365608, 1225628.7032812834, 1225620.3059643507, 1225613.2005423307]"
LAJO,"[61499.99993330675, 61499.99993291874, 61499.9999323564, 61499.99993175645, 61499.99993119815, 61499.99993071928, 61499.99993033284, 61499.99993003612, 61499.9999298186, 61499.99992966732, 61499.99992956825, 61499.99992950888, 61499.999929478436, 61499.99992946813, 61499.999929470956, 61499.99992948187, 61499.99992949689, 61499.99992951342, 61499.99992953001, 61499.999929545345, 61499.99992955911, 61499.99992957064, 61499.999929580124, 61499.99992958763, 61499.99992959348, 61499.99992959779, 61499.999929600905, 61499.999929602884, 61499.999929604426, 61499.99992960501]"
LOTO,"[29783.765244483948, 29712.415850162506, 29635.191297531128, 29561.83626651764, 29496.43441438675, 29464.691066741943, 29414.773333072662, 29359.707295894623, 29303.069925308228, 29247.72038459778, 29195.453190803528, 29147.35108613968, 29103.999173641205, 29065.61460494995, 29032.143092155457, 29003.382563591003, 28978.983163833618, 28958.549797534943, 28941.648161411285, 28927.84093618393, 28916.70286655426, 28907.835841178894, 28900.87492465973, 28895.494389533997, 28891.41676425934, 28927.684104442596, 28946.929168701172, 28958.999180793762, 28964.6390914917, 28965.374994277954]"
LHND,"[61499.99953280069, 61499.99953327392, 61499.99953383941, 61499.99953442463, 61499.99953505094, 61499.99953574728, 61499.99953652319, 61499.999537366035, 61499.99953824945, 61499.99953914096, 61499.99954000878, 61499.99954082584, 61499.99954157224, 61499.99954223551, 61499.99954280921, 61499.99954329332, 61499.99954369143, 61499.999544010556, 61499.99954425922, 61499.99954444697, 61499.99954458294, 61499.9995446768, 61499.99954473681, 61499.99954477069, 61499.9995447846, 61499.99954478411, 61499.99954477372, 61499.99954475707, 61499.999544736755, 61499.999544714636]"
LOZP,"[215419.12856698036, 215463.49516510963, 215507.0956349373, 215536.627471447, 215547.70928621292, 215800.2985417843, 215926.56415700912, 215954.13690805435, 215911.58384084702, 215826.24167203903, 215720.2268242836, 215609.50899124146, 215504.44614887238, 215410.91948747635, 215331.54702186584, 215266.7457461357, 215215.59315919876, 215176.43800377846, 215147.34184741974, 215126.3574063778, 215111.68885231018, 215101.78130865097, 215095.3424870968, 215091.33678674698, 215088.96857500076, 215087.6408815384, 215086.92687749863, 215086.52955293655, 215086.25614643097, 215085.98372340202]"
MAGP,"[2204.0635196026415, 580.8405642164871, -2461.391359101981, -6159.367980435491, -9891.540007665753, -13255.862770602107, -16043.546833097935, -18187.05308251083, -19709.71131697297, -20685.70699542761, -21211.540438234806, -21387.420035898685, -21306.353397667408, -21048.525106161833, -20679.392851889133, -20249.893628060818, -19797.93978855014, -19350.338950753212, -18925.00028014183, -18532.878449186683, -18179.74920384586, -17867.665328085423, -17596.086133271456, -17362.84657381475, -17164.783850312233, -16998.29299002886, -16859.557097777724, -16744.871539995074, -16650.797445327044, -16574.125047773123]"
MAKS,"[5114.881157875061, 5114.556789398193, 5122.338056564331, 5133.490324020386, 5145.459771156311, 5156.817317008972, 5166.917443275452, 5175.565958023071, 5182.808637619019, 5188.8028383255005, 5193.740606307983, 5197.811841964722, 5201.183199882507, 5203.994870185852, 5206.359505653381, 5208.363652229309, 5210.07776260376, 5211.553692817688, 5212.831139564514, 5213.943004608154, 5214.913249015808, 5215.763330459595, 5216.508269309998, 5217.161297798157, 5217.734932899475, 5218.239545822144, 5218.6819314956665, 5219.069957733154, 5219.409704208374, 5219.708323478699]"
MAKP,"[56568.03692281246, 56558.97041261196, 56546.15490436554, 56533.38772058487, 56522.2851395607, 56513.3769094944, 56506.65154457092, 56501.8618196249, 56498.682910203934, 56496.788731217384, 56495.887234807014, 56495.73133587837, 56496.11513018608, 56496.873474121094, 56497.87624180317, 56499.01978075504, 56500.22593140602, 56501.43558382988, 56502.60559618473, 56503.706273436546, 56504.71828579903, 56505.630987882614, 56506.43961727619, 56507.145434617996, 56507.75138139725, 56508.26488137245, 56508.69405865669, 56509.04717743397, 56509.33348238468, 56509.562638401985]"
MB,"[3926497.1105679874, 3937804.2485758667, 3949606.122388691, 3959586.050358415, 3967158.203348518, 3972521.9371348624, 3976152.0856097345, 3978543.7608331447, 3980106.9224029784, 3981141.7030438785, 3981850.290346146, 3982359.3832522635, 3982743.8763231044, 3983045.989337564, 3983288.099570573, 3983482.6036363845, 3983636.9870305066, 3983756.2004774814, 3983844.9174612765, 3983907.573831082, 3983948.2885897164, 3983971.6560095553, 3983981.3990354543, 3983981.0821890836, 3983973.7947225575, 3983961.8337720637, 3983947.2588390117, 3983931.574943662, 3983915.81183672, 3983900.761634112]"
MERM,"[96485.08876562119, 96869.50832605362, 97271.11950516701, 97644.78474855423, 98263.16401362419, 98859.28228497505, 99379.39211726189, 99798.56505990028, 100112.95080184937, 100331.53742551804, 100469.65777873993, 100544.55175995827, 100572.67472147942, 100568.2772397995, 100542.91427135468, 100505.42503595352, 100462.27097511292, 100417.88175702095, 100375.1340508461, 100335.73776483536, 100300.54986476898, 100269.8640525341, 100243.6038851738, 100221.45554423332, 100203.0086517334, 100187.79650330544, 100175.36848783493, 100165.26594758034, 100157.10666775703, 100150.53257346153]"
MKSD,"[16438.578647375107, 16472.296610474586, 16505.322721600533, 16531.76381289959, 16549.74715411663, 16596.914944052696, 16617.38109588623, 16617.12616086006, 16607.04821050167, 16593.140622973442, 16578.391268849373, 16564.20148909092, 16551.166132092476, 16539.47840332985, 16529.14952635765, 16520.112961530685, 16512.273308634758, 16505.52314221859, 16499.759045243263, 16494.87679898739, 16490.77699482441, 16487.365034222603, 16484.5447152853, 16482.241481542587, 16480.37275969982, 16478.87201011181, 16477.67509818077, 16476.730716228485, 16475.9883582592, 16475.411146879196]"
MLKR,"[2190500.8792877197, 2189243.173599243, 2187966.537475586, 2186705.446243286, 2185534.2149734497, 2184463.07182312, 2183480.1197052, 2182566.785812378, 2181706.3570022583, 2180885.7202529907, 2180096.5785980225, 2179334.6881866455, 2178598.8569259644, 2177889.4662857056, 2177207.9944610596, 2176556.5156936646, 2175936.532020569, 2175349.1640090942, 2174795.2461242676, 2174275.1836776733, 2173788.571357727, 2173334.8846435547, 2172913.0506515503, 2172521.8534469604, 2172159.790992737, 2171825.647354126, 2171517.6582336426, 2171234.4646453857, 2170974.2546081543, 2170735.764503479]"
MODA,"[9672.37912416458, 9670.03996670246, 9666.184693574904, 9661.763131618498, 9657.288521528242, 9653.039896488188, 9649.148285388945, 9645.668062567709, 9642.605328559874, 9639.940720796583, 9637.642675638197, 9635.674589872358, 9633.99986028671, 9632.58135318756, 9631.382200121878, 9630.375611782072, 9629.532676935194, 9628.82607579231, 9628.238037228582, 9627.748668193815, 9627.342319488524, 9627.005463838575, 9626.726430654524, 9626.495936512945, 9626.305493712423, 9626.148205995558, 9626.017972826956, 9625.911346077917, 9625.824081897734, 9625.75087547302]"
MPOL,"[25452.355009317398, 25445.95392346382, 25436.86906695366, 25427.32083797455, 25418.0998980999, 25409.581768512726, 25401.881861686707, 25395.02084851265, 25388.976335525513, 25383.70353579521, 25379.145604372025, 25375.24569630623, 25371.948689222336, 25369.189125299454, 25366.903269290924, 25365.03599882126, 25363.518410921097, 25362.29538321495, 25361.32901906967, 25360.562473535538, 25359.96129512787, 25359.494477510452, 25359.129291772842, 25358.8485121727, 25358.628022670746, 25358.459210395813, 25358.32484960556, 25358.214604854584, 25358.130198717117, 25358.05785059929]"
MPT,"[5245694.590393841, 5253529.012405634, 5243105.274169683, 5250000.086547315, 5262878.397752047, 5274184.255166531, 5283707.010168195, 5269764.676390171, 5272351.746893406, 5281022.924521089, 5268167.070525587, 5271750.342830241, 5283802.677879512, 5290557.806415737, 5275215.041070163, 5252317.221395612, 5257770.2809407115, 5274672.474895179, 5293669.477326572, 5308965.531676948, 5317673.988271952, 5323859.152837932, 5305043.155512929, 5301549.262901008, 5306146.2536302805, 5309687.306381583, 5314457.666766107, 5318328.840493083, 5320348.192746997, 5278468.641543329]"
MPTE,"[50000.0, 50000.0, 50000.0, 50000.0, 50000.0, 50000.0, 50000.0, 50000.0, 50000.0, 50000.0, 50000.0, 50000.0, 50000.0, 50000.0, 50000.0, 50000.0, 50000.0, 50000.0, 50000.0, 50000.0, 50000.0, 50000.0, 50000.0, 50000.0, 50000.0, 50000.0, 50000.0, 50000.0, 50000.0, 50000.0]"
MTUR,"[649871.1222410202, 657363.4386062622, 665255.8279037476, 672072.3429322243, 677450.9391188622, 675682.5748085976, 678818.3185458183, 682525.9923934937, 686446.4700222015, 690022.686123848, 692072.4329352379, 693227.0085811615, 694011.3776922226, 693982.1496605873, 693319.3892240524, 692525.5814194679, 691977.2252440453, 691665.9763455391, 691517.738699913, 691614.4967079163, 691888.4924054146, 709194.9981451035, 713880.8763027191, 712318.0657625198, 714382.5861811638, 715707.5598835945, 710112.7856969833, 703328.3257484436, 702431.4674735069, 702464.3889069557]"
MZHE,"[313300.0, 313300.0, 313300.0, 313300.0, 313300.0, 313300.0, 313300.0, 313300.0, 313300.0, 313300.0, 313300.0, 313300.0, 313300.0, 313300.0, 313300.0, 313300.0, 313300.0, 313300.0, 313300.0, 313300.0, 313300.0, 313300.0, 313300.0, 313300.0, 313300.0, 313300.0, 313300.0, 313300.0, 313300.0, 313300.0]"
NEME,"[125151.10618900508, 124954.10598057788, 124730.49302585423, 124544.94423232973, 124410.21859180182, 124318.53632442653, 124256.7012552172, 124212.53306325525, 124176.98319535702, 124144.27367504686, 124111.28151230514, 124076.76245085895, 124040.65080918372, 124003.5273693502, 123966.2414509803, 123929.67687919736, 123894.61493119597, 123861.67464777827, 123831.28801360726, 123803.7106115371, 123779.04886379838, 123757.2870310396, 123738.31239528954, 123721.94928117096, 123707.98193849623, 123696.17415592074, 123686.27616204321, 123678.05186659098, 123671.27014324069, 123665.72044789791]"
MZPU,"[20679.089126549658, 20670.343383308496, 20656.98985327035, 20642.089465074238, 20630.620449408885, 20626.041583996262, 20629.522119089957, 20640.36778984591, 20656.79759997874, 20676.64532642811, 20697.846141550686, 20746.764180436727, 20765.266588702794, 20773.654017597433, 20777.37793959677, 20779.290314018723, 20780.856162495907, 20782.69674517214, 20784.952992200848, 20787.53089960664, 20790.256635844704, 20792.955762892958, 20795.491368509825, 20797.769524529573, 20799.74300153553, 20801.398836076256, 20802.74506397545, 20803.810113854703, 20804.62756939232, 20805.23616932332]"
NOSK,"[3092718.64593029, 3097468.9176678658, 3103570.1078549027, 3109551.1438697577, 3114638.9284729958, 3118564.7977516055, 3121370.418071747, 3123252.544440329, 3124458.268098533, 3125223.5114574432, 3125741.9695705175, 3126155.114285648, 3135125.6228238344, 3138009.220957756, 3138254.374228418, 3137201.801240444, 3135722.007751465, 3134306.3712865114, 3133187.1423125267, 3132433.8837713003, 3132025.4819840193, 3131897.575929761, 3131973.054781556, 3132178.989648819, 3132454.9974501133, 3132755.3828805685, 3133049.1384118795, 3133316.986337304, 3133549.3388026953, 3133743.0338561535]"
OBPP,"[9.512266842648387e-06, 9.548006346449256e-06, 9.600829798728228e-06, 9.659648640081286e-06, 9.717681678012013e-06, 9.770941687747836e-06, 9.818206308409572e-06, 9.858835255727172e-06, 9.893265087157488e-06, 9.92167042568326e-06, 9.94501169770956e-06, 9.963754564523697e-06, 9.978772141039371e-06, 9.990413673222065e-06, 9.99981421045959e-06, 1.000685733743012e-05, 1.0012299753725529e-05, 1.0016199667006731e-05, 1.0019371984526515e-05, 1.0021409252658486e-05, 1.002306817099452e-05, 1.0023941285908222e-05, 1.0024727089330554e-05, 1.0025280062109232e-05, 1.0025367373600602e-05, 1.00255711004138e-05, 1.0025512892752886e-05, 1.0025280062109232e-05, 1.0025134542956948e-05, 1.0024959919974208e-05]"
OILK,"[510081.2840461731, 509840.9843444824, 509385.0100040436, 508834.75840091705, 508266.22009277344, 507723.72484207153, 507230.89814186096, 506797.76668548584, 506426.2753725052, 506113.4719848633, 505853.97124290466, 505641.1635875702, 505468.34647655487, 505329.0730714798, 505217.6094055176, 505128.83365154266, 505058.38334560394, 505002.72512435913, 504958.73630046844, 504924.076795578, 504896.71647548676, 504875.17535686493, 504858.15167427063, 504844.6613550186, 504833.97603034973, 504825.4758119583, 504818.7190294266, 504813.3182525635, 504808.99453163147, 504805.51540851593]"
OKTA,"[279103.0536657572, 279909.94766044617, 280471.7941198349, 274531.9688577652, 273765.7796565294, 273517.44031322, 267659.72644484043, 261944.04490172863, 262785.9623968601, 264524.48818719387, 266019.11941051483, 261532.61902964115, 256908.41413199902, 253113.07646524906, 250487.76767468452, 248972.65037715435, 248360.841958642, 248416.0841783285, 248924.59332215786, 255348.2141034603, 261477.59403586388, 266029.0783829689, 268892.3330925703, 270329.4829983711, 270726.5552507639, 265080.70348262787, 259475.9742500782, 254890.6026611328, 251659.2001644373, 249695.96252584457]"
OMOS,"[3000.0000225435942, 3000.0000245637784, 3000.0000252041355, 3000.0000248658616, 3000.0000238747016, 3000.0000224888936, 3000.00002090614, 3000.0000192716398, 3000.0000176871836, 3000.000016219332, 3000.0000149063562, 3000.0000137660536, 3000.0000128004176, 3000.0000120012846, 3000.0000113537535, 3000.000010839416, 3000.000010438278, 3000.0000101307087, 3000.0000098983146, 3000.0000097244774, 3000.000009595038, 3000.000009497977, 3000.000009423602, 3000.000009364303, 3000.0000093143317, 3000.0000092693663, 3000.0000092267874, 3000.000009184456, 3000.0000091413967, 3000.00000909729]"
OPFO,"[-3736.544863227755, -2202.5672749616206, -272.2979313926771, 1617.9884516634047, 3296.909120026976, 4719.262344110757, 5896.653516031802, 6862.399582006037, 7654.40012421459, 8307.514086738229, 8850.808188319206, 9307.322732172906, 9694.728754274547, 10026.34265087545, 10312.179739400744, 10559.820821136236, 10775.039834529161, 10962.389625608921, 11125.500437244773, 11267.397275194526, 11390.617888048291, 11497.379118949175, 11589.612299576402, 11669.04701590538, 11737.224086001515, 11795.536853000522, 11845.228825509548, 11887.42671199143, 11923.106206580997, 11953.182833641768]"
OPTK,"[183013.00704777244, 183040.74800610545, 182959.7663521767, 182757.2271615267, 182468.02033483985, 182133.7296664715, 181789.71711695197, 181461.21449768546, 181163.56162726882, 180904.20939624312, 180684.982252121, 180504.06000018123, 180357.62788653377, 180241.02485179904, 180149.36018586162, 180078.09616029265, 180023.16285371783, 179981.1027467251, 179949.05796349052, 179924.7319966555, 179906.274881959, 179892.25342869762, 179881.60018622878, 179873.4348267317, 179867.16195940974, 179862.28400766852, 179858.4820121527, 179855.44977188113, 179853.02142798904, 179851.06089115146]"
ORAN,"[8623.253889381886, 8526.730759069324, 8407.543231360614, 8301.908810809255, 8222.211687266827, 8169.210256449878, 8138.819482177496, 8125.580558925867, 8124.278816953301, 8130.579921044409, 8141.172247193754, 8153.685045056045, 8166.523256897926, 8178.690116852522, 8189.626917988062, 8199.079284071922, 8206.99592679739, 8129.861540533602, 8122.963349334896, 8137.76927664876, 8156.809931434691, 8173.673199675977, 8186.617301218212, 8195.837407000363, 8202.158174477518, 8206.463122181594, 8209.477299824357, 8211.723486706614, 8213.540263101459, 8215.127963200212]"
OSPO,"[100000.00005567493, 100000.00005549003, 100000.00005524277, 100000.00005499969, 100000.000054792, 100000.00005463007, 100000.00005451316, 100000.00005443546, 100000.00005438886, 100000.00005436572, 100000.00005435897, 100000.00005436355, 100000.00005437428, 100000.0000543886, 100000.00005440423, 100000.0000544193, 100000.00005443348, 100000.00005444579, 100000.00005445632, 100000.0000544651, 100000.0000544723, 100000.00005447806, 100000.0000544825, 100000.00005448608, 100000.00005448885, 100000.00005449093, 100000.00005449282, 100000.00005449416, 100000.00005449571, 100000.0000544968]"
OTEK,"[4500.0, 4500.0, 4500.0, 4500.0, 4500.0, 4500.0, 4500.0, 4500.0, 4500.0, 4500.0, 4500.0, 4500.0, 4500.0, 4500.0, 4500.0, 4500.0, 4500.0, 4500.0, 4500.0, 4500.0, 4500.0, 4500.0, 4500.0, 4500.0, 4500.0, 4500.0, 4500.0, 4500.0, 4500.0, 4500.0]"
PELK,"[50000.00009102654, 50000.00009096696, 50000.00009090615, 50000.000090855, 50000.00009081005, 50000.00009076529, 50000.000090717454, 50000.000090665344, 50000.000090609436, 50000.00009055142, 50000.00009049286, 50000.00009043551, 50000.000090380854, 50000.00009032975, 50000.000090282716, 50000.00009024034, 50000.00009020294, 50000.00009016968, 50000.000090141024, 50000.000090116475, 50000.00009009584, 50000.000090078596, 50000.000090064554, 50000.0000900531, 50000.000090044035, 50000.00009003701, 50000.000090031666, 50000.000090027635, 50000.000090025, 50000.00009002298]"
PGGV,"[61621.85901403427, 64504.31469082832, 68287.13084757328, 71786.82343661785, 74559.25557017326, 76545.92299461365, 77860.81829667091, 78671.64507508278, 79140.4894888401, 79399.31532740593, 79544.23606395721, 79638.93136382103, 79721.51693701744, 79811.33151054382, 79915.7330095768, 80034.54646468163, 80163.8396680355, 80298.21619391441, 80432.15069174767, 80560.96503138542, 80680.97564578056, 80789.77900743484, 80885.95694303513, 80969.02137994766, 81039.15649652481, 81097.11742401123, 81143.94477009773, 81180.8172762394, 78182.23714828491, 77309.33305621147]"
PKB,"[682780.2011370659, 684933.7039887905, 686734.8456382751, 688120.4289197922, 689327.3198604584, 690559.7318708897, 691925.2660870552, 693445.1825916767, 695084.1376185417, 696780.5935442448, 698467.4958884716, 700085.3253901005, 701588.55676651, 702947.0491409302, 704144.5659101009, 705177.0703494549, 706049.0028560162, 706771.083176136, 707357.9332232475, 707825.8344531059, 708191.4719939232, 708471.0375964642, 708679.4222891331, 708830.2612304688, 708935.3954792023, 709004.5131742954, 709046.2708473206, 709067.5309300423, 709073.9448368549, 709069.9529647827]"
POPK,"[1752.6857852935789, 1751.6335546970365, 1751.0854899883268, 1750.8666217327116, 1752.0562708377836, 1754.284471273422, 1755.9997439384458, 1757.2877407073972, 1758.1876218318937, 1758.7351500988004, 1758.9748501777647, 1758.9604556560514, 1758.7484717369077, 1759.5061063766477, 1761.191517114639, 1762.233644723892, 1762.7924382686613, 1762.9612386226652, 1762.8113925456998, 1762.4095082283018, 1761.8204057216642, 1761.104881763458, 1760.317116975784, 1759.5028877258299, 1758.6984038352964, 1759.0883076190946, 1760.5009377002714, 1761.387139558792, 1761.8786990642545, 1762.0442807674406]"
PPIV,"[3308127.865582466, 3310222.4238767624, 3309854.008749962, 3308086.123134613, 3305838.4528656006, 3303587.4026412964, 3301554.35953331, 3299817.4005088806, 3298374.8355903625, 3297188.471282959, 3296210.4812192917, 3295393.208029747, 3294696.092250824, 3294088.5452871323, 3293547.921438217, 3293058.3349142075, 3296836.617937088, 3297885.4180641174, 3298337.6560821533, 3298101.059211731, 3297496.047214508, 3296720.685470581, 3295899.018339157, 3295102.1938791275, 3294365.532623291, 3293702.892388344, 3293116.1321496964, 3292599.843978882, 3292146.0849809647, 3291746.912261009]"
PROD,"[177571.90227508545, 177608.25991630554, 177668.07079315186, 177728.7483215332, 177780.9453010559, 177821.3894367218, 177849.8113155365, 177867.28501319885, 177875.42939186096, 177875.94079971313, 177870.46670913696, 177860.46028137207, 177847.181558609, 177831.70223236084, 177814.8913383484, 177797.47009277344, 177779.98566627502, 177762.86959648132, 177746.43301963806, 177730.91316223145, 177716.45188331604, 177703.13024520874, 177690.99354743958, 177680.04417419434, 177670.24278640747, 177661.54885292053, 177653.8896560669, 177647.19009399414, 177641.37625694275, 177636.3730430603]"
PROT,"[1379.839341156185, 1500.1458842307331, 1701.6362529248001, 1911.2551650032403, 2093.005243688822, 2235.333736985922, 2339.3367994576693, 2411.5324784070253, 2459.8068092018366, 2491.399521008134, 2512.1149979531765, 2526.1999368667603, 2536.5257151424885, 2544.8853112757206, 2552.3035135120153, 2559.285270050168, 2566.0186763852835, 2572.5154168903828, 2578.7101965397596, 2584.512060508132, 2589.8389890789986, 2594.637829810381, 2598.8806318491697, 2602.566020563245, 2605.720343068242, 2608.3699464797974, 2610.567754134536, 2612.3648565262556, 2613.8118859380484, 2614.9592455476522]"
PTRS,"[301096.4883863926, 302100.10063648224, 304173.8667190075, 306549.3412613869, 308817.13700294495, 310769.5562839508, 312324.5378136635, 313474.2484688759, 314251.05983018875, 314706.233561039, 314897.3990678787, 314881.0933828354, 314708.3117365837, 314423.52175712585, 314063.83752822876, 313658.85972976685, 313232.2742342949, 312801.8254637718, 312380.5686235428, 311977.90879011154, 311599.8939871788, 311250.3874897957, 310931.0678243637, 310642.4944996834, 310384.1346502304, 310154.65611219406, 309952.3004293442, 309775.01606941223, 309620.69821357727, 309487.08218336105]"
RADE,"[165326.2636065483, 165240.70739746094, 165098.26064109802, 164912.95218467712, 164726.06301307678, 164557.19500780106, 164414.5303964615, 164299.61442947388, 164210.547208786, 164143.86332035065, 164095.67683935165, 164062.1981024742, 164040.13395309448, 164026.66747570038, 164019.51372623444, 164016.87413454056, 164017.35544204712, 164019.89370584488, 164023.6884355545, 164028.17219495773, 164032.91434049606, 164037.64128684998, 164042.14531183243, 164046.29975557327, 164050.04382133484, 164053.3623099327, 164056.23495578766, 164058.6820244789, 164060.7339143753, 164062.43115663528]"
REPL,"[6594979.016561568, 6597160.24227035, 6607828.768865764, 6625147.163402498, 6640997.469922245, 6655222.0614340305, 6663590.561346412, 6666691.996836185, 6664791.844940782, 6659195.920838058, 6651259.152957797, 6641308.741748631, 6629881.946365058, 6619924.898229957, 6608575.4230335355, 6597006.597434938, 6586038.413633525, 6583907.628561854, 6575223.210974932, 6567575.4812191725, 6560331.9402529, 6551445.428271234, 6544938.917930126, 6537612.08354336, 6534434.323405325, 6537632.658013761, 6536923.17063123, 6532113.390405595, 6530256.710375071, 6529320.240125537]"
RIMI,"[40681.2255859375, 40667.49038696289, 40652.57873535156, 40636.905670166016, 40620.536041259766, 40603.4797668457, 40585.89096069336, 40568.06716918945, 40550.36697387695, 40533.138275146484, 40516.658782958984, 40501.1344909668, 40486.6828918457, 40473.34976196289, 40461.12518310547, 40449.96643066406, 40439.80712890625, 40430.56564331055, 40422.169494628906, 40414.53857421875, 40407.60803222656, 40401.31607055664, 40395.609283447266, 40390.43960571289, 40385.76889038086, 40381.558990478516, 40377.774810791016, 40374.385833740234, 40371.36459350586, 40368.68133544922]"
RINS,"[964322.0284461975, 963214.7497653961, 963446.9189226627, 964022.6470947266, 964342.023229599, 964055.0710678101, 962990.6190514565, 961109.8935127258, 958460.3820621967, 955144.6255147457, 951295.4946100712, 947057.3435783386, 942572.365051508, 937972.146320343, 933372.4679887295, 928869.7913765907, 924541.5287196636, 920446.2458193302, 916624.8779416084, 913103.5669147968, 909895.2147781849, 907002.5235295296, 904419.6163237095, 902134.4017207623, 900130.4650843143, 898387.8791809082, 896885.4333281517, 895600.6333947182, 894511.5931987762, 893596.5616583824]"
RZEK,"[3772.6765632629395, 3771.3831424713135, 3769.1816568374634, 3766.775894165039, 3764.5164132118225, 3762.54665851593, 3760.8999252319336, 3759.555768966675, 3758.4734678268433, 3757.6077103614807, 3756.9170236587524, 3756.366527080536, 3755.9279322624207, 3755.5784583091736, 3755.3006649017334, 3755.0806999206543, 3754.907715320587, 3754.77294921875, 3754.6690583229065, 3754.590368270874, 3754.532039165497, 3754.4898986816406, 3754.4606924057007, 3754.4416666030884, 3754.430401325226, 3754.4252276420593, 3754.424226284027, 3754.4263124465942, 3754.430568218231, 3754.435908794403]"
RZIT,"[2436.7869555950165, 2436.623829603195, 2437.348061800003, 2438.608157634735, 2440.1726722717285, 2441.875398159027, 2443.6019241809845, 2445.27685046196, 2446.8540847301483, 2448.3076632022858, 2449.6257841587067, 2450.806349515915, 2451.8529653549194, 2452.773302793503, 2453.5770654678345, 2454.274743795395, 2454.8770904541016, 2455.394858121872, 2455.8380782604218, 2456.216126680374, 2456.5375924110413, 2456.8101465702057, 2457.0406079292297, 2457.2352707386017, 2457.3993146419525, 2457.537132501602, 2457.653248310089, 2457.7506124973297, 2457.832372188568, 2457.9008877277374]"
RZIZ,"[64315.21384418011, 64319.56294551492, 64321.44917547703, 64403.71562726796, 64626.66357308626, 65007.94922374189, 65529.223553836346, 66151.50412544608, 66829.28590476513, 67520.25333978236, 68190.34551084042, 68815.42268767953, 69380.77417761087, 69879.48662042618, 70310.53135544062, 70676.84650793672, 70983.81195217371, 71238.03477361798, 71446.47268950939, 71615.88275432587, 71752.50029936433, 71861.89530044794, 71948.86887818575, 72017.52722635865, 72071.32808119059, 72113.10818046331, 72145.24801820517, 72169.67395693064, 72187.95750290155, 72201.39134675264]"
RZLE,"[2290.041407942772, 2281.7232251167297, 2271.083554625511, 2260.3001713752747, 2250.548768043518, 2242.329451441765, 2235.7378602027893, 2230.645230412483, 2226.8220633268356, 2224.0145683288574, 2221.980506181717, 2220.515349507332, 2219.452452659607, 2218.6657696962357, 2218.0615305900574, 2217.575693130493, 2217.1649396419525, 2216.801580786705, 2216.468968987465, 2216.1587804555893, 2215.8665984869003, 2215.591913461685, 2215.333366394043, 2215.0933355093002, 2214.87233042717, 2214.6705210208893, 2214.4879072904587, 2214.3246591091156, 2214.1797572374344, 2214.0530318021774]"
RZLV,"[6173.827123641967, 6168.695545196532, 6170.819902420043, 6177.076172828673, 6188.840198516845, 6200.270819664001, 6209.898424148559, 6218.4550762176505, 6226.255536079406, 6233.442926406859, 6242.960309982299, 6250.751447677611, 6256.11388683319, 6260.219478607177, 6263.642907142638, 6266.677546501159, 6269.461584091186, 6277.711153030395, 6282.7407360076895, 6285.346555709838, 6286.649465560912, 6287.317371368407, 6287.719321250915, 6288.040661811828, 6288.363647460937, 6288.714599609374, 6289.094614982604, 6289.491629600524, 6289.8919343948355, 6290.2801752090445]"
RZTK,"[46238.305914402, 46241.82568788528, 46216.4184808731, 46172.31942415237, 46118.26311349868, 46060.729372501366, 46004.16687726974, 45951.3424873352, 45903.746151924126, 45861.98390722274, 45826.05839967727, 45795.63617706298, 45770.162808895104, 45749.04284477233, 45731.65436983108, 45790.3313755989, 45845.41053771972, 45875.82482099532, 45898.96137714385, 45920.82896232604, 45942.80769824981, 45978.27404737472, 45977.808272838585, 45934.67913866042, 45883.114457130425, 45836.757981777184, 45799.84270334243, 45772.15558290481, 45751.740896701805, 45736.32270097732]"
RZUG,"[1514.4636929035184, 1516.066491603851, 1518.112015724182, 1520.2751994132993, 1522.3958253860471, 1524.3997931480405, 1526.2550592422483, 1527.950483560562, 1529.484689235687, 1530.859303474426, 1532.079207897186, 1533.1504106521604, 1534.0805470943449, 1534.8790049552915, 1535.5559229850767, 1536.1225664615629, 1536.591202020645, 1536.9734704494474, 1537.281137704849, 1537.5252187252042, 1537.7158522605894, 1537.8623008728025, 1537.9730761051176, 1538.054811954498, 1538.1137669086454, 1538.1549477577207, 1538.182860612869, 1538.200384378433, 1538.2105231285093, 1538.2155299186704]"
RZUS,"[10438.449407458305, 10376.424092888832, 10304.125688195229, 10261.17364025116, 10207.011154532433, 10176.281502485275, 10134.140736222267, 10089.825975179672, 10049.814608931541, 10017.002724409103, 9992.07253575325, 9974.476470708847, 9963.08465230465, 9956.581963777542, 9953.711604595184, 9953.364279985428, 9954.64595067501, 9956.872687339783, 9959.549659609795, 9962.331258058548, 9965.005228757858, 9967.44464814663, 9969.593772768974, 9971.435879588127, 9972.982974886894, 9974.26593196392, 9975.318625688553, 9976.17707490921, 9976.876012086868, 9977.448454499245]"
SBT,"[221921.66477441788, 222048.0716228485, 223526.16488933563, 225152.38046646118, 224414.98667001724, 223260.7263326645, 222186.29449605942, 221366.18852615356, 220825.34164190292, 222789.5799279213, 224976.30059719086, 224774.25009012222, 222031.84217214584, 220643.93401145935, 220582.32188224792, 220893.0903673172, 219072.68404960632, 218850.23683309555, 213407.8672528267, 212790.11070728302, 212163.2108092308, 214354.38007116318, 215064.02730941772, 217711.78394556046, 220467.90689229965, 220820.91063261032, 219226.50337219238, 217684.5297217369, 216927.4777173996, 218596.73738479614]"
SDOM,"[2999.999914040425, 2999.999913821608, 2999.999913544387, 2999.999913275795, 2999.999913038977, 2999.999912837855, 2999.9999126691255, 2999.999912527732, 2999.9999124086316, 2999.999912307867, 2999.999912222629, 2999.999912150568, 2999.999912090112, 2999.9999120399807, 2999.999911999039, 2999.999911966195, 2999.999911940533, 2999.9999119210697, 2999.999911906998, 2999.9999118972482, 2999.9999118911073, 2999.999911888008, 2999.9999118872365, 2999.999911888008, 2999.999911890074, 2999.999911892897, 2999.9999118962223, 2999.999911899882, 2999.99991190352, 2999.9999119070853]"
SIL,"[7000.000416903058, 7000.000399780925, 7000.000383838429, 7000.000368789188, 7000.000354451069, 7000.000340739323, 7000.000327643531, 7000.000315203797, 7000.0003034839465, 7000.000292553188, 7000.000282470515, 7000.00027327775, 7000.000264993578, 7000.000257614185, 7000.000251115853, 7000.0002454570495, 7000.000240583671, 7000.000236432315, 7000.000232934137, 7000.000230018661, 7000.000227616358, 7000.000225659707, 7000.000224086005, 7000.000222837203, 7000.000221861032, 7000.000221111215, 7000.000220546994, 7000.000220133472, 7000.000219840149, 7000.000219642185]"
SKON,"[140000.0000468465, 140000.00004694492, 140000.00004732746, 140000.00004790106, 140000.00004859464, 140000.0000493536, 140000.0000501367, 140000.0000509133, 140000.00005166166, 140000.00005236708, 140000.00005302049, 140000.00005361735, 140000.00005415612, 140000.0000546375, 140000.00005506392, 140000.0000554391, 140000.00005576687, 140000.00005605165, 140000.00005629787, 140000.00005650969, 140000.00005669115, 140000.00005684615, 139999.99869392673, 139999.9987062175, 139999.99911792978, 139999.99956900574, 139999.99994001037, 140000.00021200127, 140000.00040021676, 140000.00052610907]"
SKP,"[6142465.361952781, 6143611.469864844, 6144818.955659865, 6146191.084384917, 6147766.971588134, 6149524.936079978, 6151412.361860274, 6153364.026546477, 6155314.171314239, 6157204.592227935, 6158987.367153167, 6160627.180337905, 6162101.32241249, 6163398.438692092, 6164516.115188598, 6165459.895133971, 6166240.328550338, 6166872.078180312, 6167371.6843128195, 6167756.670713424, 6168044.561147689, 6168251.717090606, 6168393.248319625, 6168483.370542525, 6168533.080816268, 6168552.57153511, 6168550.515174865, 6168533.617258071, 6168507.421016692, 6168475.681543349]"
SLAV,"[391618.0513769388, 391255.7056814432, 390772.5780874491, 390249.86496269703, 389733.60520005226, 389248.4338879585, 388805.99653720856, 388410.36217212677, 388061.29143834114, 387756.25270307064, 387491.56359136105, 387263.2471382618, 387067.31717288494, 386900.04529058933, 386757.94244110584, 386637.9154294729, 386537.18406260014, 386453.28114926815, 386383.9604407549, 386327.2702783346, 386281.42471015453, 386244.83110904694, 386216.1177903414, 386193.9867168665, 386177.38841176033, 386165.3010159731, 386156.8959951401, 386151.42766833305, 386148.2792377472, 386146.9351708889]"
SNBT,"[7727.418857067823, 1392.8729287348688, -7896.477168798447, -18105.63054829836, -28028.202570974827, -37017.70641505718, -44790.195578336716, -51285.42801737785, -56571.43968939781, -60781.37028217316, -64072.72554934025, -66603.42618227005, -68518.67272555828, -69944.85060274601, -70987.98562586308, -71734.6937417984, -72254.45857942104, -72602.00581550598, -72820.14319300652, -72941.97813272476, -72992.93248653412, -72992.59592592716, -72955.7909488678, -72893.98366808891, -72815.78634679317, -72727.71350741386, -72634.73518192768, -72540.59042036533, -72447.83800542355, -72358.59872996807]"
SNBTO,"[9819.85867023468, 9819.905757904053, 9821.621775627136, 9824.287295341492, 9827.068448066711, 9829.387068748474, 9830.901026725769, 9831.448197364807, 9831.018447875977, 9829.698204994202, 9827.619194984436, 9824.945330619812, 9821.842312812805, 9818.465113639832, 9814.948439598083, 9811.413288116455, 9807.942509651184, 9804.610013961792, 9801.468253135681, 9798.550009727478, 9795.871376991272, 9793.443083763123, 9791.268706321716, 9789.333939552307, 9787.629246711731, 9786.142110824585, 9784.855246543884, 9783.746600151062, 9782.801866531372, 9782.003164291382]"
SOLN,"[20491.703137755394, 20511.998891830444, 20535.328596830368, 20559.653386473656, 20584.223583340645, 20608.6662709713, 20632.655948400497, 20655.857503414154, 20677.93518304825, 20698.61474633217, 20717.69307553768, 20735.048428177834, 20750.63979625702, 20764.500498771667, 20776.710629463196, 20787.38360106945, 20796.65845632553, 20804.67616021633, 20811.580881476402, 20817.507177591324, 20822.588324546814, 20826.93260908127, 20830.644473433495, 20833.80977809429, 20836.507976055145, 20838.805705308914, 20840.762555599213, 20842.42594242096, 20843.835592269897, 20845.029950141907]"
SPAZ,"[1096068.812906742, 1095457.3437571526, 1095004.9862265587, 1094538.9300584793, 1094012.8937363625, 1093420.4384684563, 1092771.8922495842, 1092082.941532135, 1091370.3963160515, 1090649.8566269875, 1089935.2803826332, 1089238.6376857758, 1088569.3058371544, 1087935.2793097496, 1087342.046201229, 1086793.366074562, 1086291.2699580193, 1085836.8813991547, 1085429.5521974564, 1085067.7698850632, 1084749.5034337044, 1084471.8143343925, 1084231.8505048752, 1084026.41415596, 1083851.918578148, 1083705.0795555115, 1083582.6992988586, 1083481.7960858345, 1083399.3449807167, 1083332.88282156]"
SPAZP,"[456209.5388650894, 455912.28816509247, 455586.4556670189, 455301.0156273842, 455082.47116804123, 454932.19232559204, 454840.2109026909, 454792.873775959, 454776.62230730057, 454780.0237774849, 454794.43278312683, 454813.6132955551, 454833.2662343979, 454851.07671022415, 454865.4857158661, 454876.1153101921, 454883.0599784851, 454886.65041923523, 454887.1228456497, 454885.3748679161, 454881.8789124489, 454876.8711924553, 454871.1075901985, 454864.77707624435, 454858.30483436584, 454851.92707777023, 454845.7382917404, 454839.78571891785, 454834.30557250977, 454829.2506098747]"
SPOL,"[0.0, 0.0, 0.0, 0.0, 0.0, 0.0, 0.0, 0.0, 0.0, 0.0, 0.0, 0.0, 0.0, 0.0, 0.0, 0.0, 0.0, 0.0, 0.0, 0.0, 0.0, 0.0, 0.0, 0.0, 0.0, 0.0, 0.0, 0.0, 0.0, 0.0]"
SSPR,"[34999.75395190995, 35000.08324396913, 35000.50537503557, 35000.843404675834, 35001.04915117845, 35001.14112673327, 35001.1607084889, 35001.148212351836, 35001.133253914304, 35001.133069279604, 35001.15461507812, 35001.197712728754, 35001.25812285114, 35001.32988754194, 35001.40693131834, 35001.48404506035, 35001.55721465126, 35001.623780466616, 35001.68223294895, 35001.73203239683, 35001.77332677413, 35001.80675520096, 35001.83320057113, 35001.85366545338, 35001.86917337123, 35001.88064773101, 35001.8889819039, 35001.89486180898, 35001.8989139935, 35001.901603653096]"
STB,"[132710.13913178444, 132032.80583381653, 130810.14113479853, 130319.75511533022, 130391.48029661179, 130706.13780856133, 131067.64094287157, 131458.53290504217, 131852.09657883644, 131583.5109809041, 131637.77936768532, 131383.16887670755, 131616.88924241066, 132254.02597409487, 132901.88581985235, 133493.47047281265, 133363.60836303234, 132778.47933906317, 132915.96972954273, 133435.47861462831, 133350.0321994424, 133567.81900894642, 134067.65877723694, 134584.65311020613, 134365.35515159369, 134364.7265135646, 134634.762814641, 134304.32890599966, 134303.32550299168, 134663.46255850792]"
STBP,"[72136.83006763458, 72159.41075384617, 72196.49104177952, 72240.66495001316, 72703.03330123425, 72706.90926611423, 72609.72129404545, 72499.0379780531, 72411.1973285675, 72355.41231930256, 72329.00604903698, 72325.11329054832, 72336.43554151058, 72356.71214461327, 72381.15356266499, 72406.44473731518, 72430.419293046, 72451.89160108566, 72470.28060257435, 72485.45194864273, 72497.5870102644, 72506.97799623013, 72514.01451826096, 72519.08954679966, 72522.59269356728, 72524.86318945885, 72526.21003687382, 72526.87170505524, 72527.05979347229, 72526.92544460297]"
STIL,"[10981.81264925003, 11003.828960418701, 10790.756900072098, 10586.121506929398, 10664.557889699936, 10814.478057146072, 10690.472595214844, 10544.475519180298, 10415.786221385002, 10574.198063135147, 10785.332526445389, 10946.26084947586, 10812.675919771194, 10895.096762418747, 10736.565551519394, 10830.950251340866, 10688.350892782211, 10539.247973680496, 10412.516479611397, 10319.127520561218, 10517.419509887695, 10481.424659729004, 10416.228149175644, 10594.235615491867, 10799.293103933334, 10998.97112250328, 10866.902442932129, 10950.794631958008, 10782.191508769989, 10605.865688085556]"
STOK,"[449.97336342930794, 504.21014428138733, 583.4766291081905, 683.5750490427017, 795.0199954211712, 907.0808999240398, 1010.4116052389145, 1098.2248932123184, 1166.5530502796173, 1213.9856815338135, 1241.142600774765, 1250.0569224357605, 1243.6055392026901, 1225.0245362520218, 1197.5428462028503, 1164.1370505094528, 1127.3901164531708, 1089.4180834293365, 1051.873192191124, 1015.9648954868317, 982.5204312801361, 952.0447254180908, 924.7824735939503, 900.7847495377064, 879.958625882864, 862.1121011674404, 846.9967916607857, 834.3306742608547, 823.8228410482407, 815.183836966753]"
TAJM,"[155134.22803878784, 155203.01399230957, 155299.9418258667, 155389.50371742249, 155461.66207790375, 155517.3485994339, 155561.54425144196, 155599.58038330078, 155635.7372045517, 155672.7182149887, 155711.82539463043, 155753.2737493515, 155796.50585651398, 155840.64576625824, 155884.59057807922, 155927.34887599945, 155968.00091266632, 156005.88574409485, 156040.49770832062, 156071.58596515656, 156099.01912212372, 156122.8648662567, 156143.29042434692, 156160.51080226898, 156174.82860088348, 156186.5344762802, 156195.97880840302, 156203.46021652222, 156209.29324626923, 156213.6889219284]"
TBKO,"[709400.3564610612, 708655.9327368159, 707996.5687347576, 707534.3957161531, 707269.3595420569, 707168.6652363278, 707194.6184549015, 707313.4728639852, 707497.1667190548, 707722.9934851639, 707972.8360394947, 708232.5459332205, 708491.4061347954, 708741.5346750058, 708977.5478283409, 709196.0505456664, 709395.23144532, 709574.4706157129, 709734.0829719324, 709874.9876362272, 709998.48890258, 710106.1501880176, 710199.5795432013, 710280.4279993288, 710350.2184725367, 710410.4065152351, 710462.2893957421, 710507.028828375, 710545.6404349534, 710578.991678427]"
TEAL,"[72999.99999494414, 72999.99999495727, 72999.99999497368, 72999.99999498879, 72999.9999950007, 72999.9999950091, 72999.99999501434, 72999.9999950168, 72999.99999501735, 72999.99999501632, 72999.99999501437, 72999.99999501173, 72999.99999500894, 72999.99999500613, 72999.99999500341, 72999.99999500095, 72999.99999499886, 72999.99999499701, 72999.99999499538, 72999.99999499402, 72999.99999499292, 72999.999994992, 72999.99999499127, 72999.99999499074, 72999.99999499027, 72999.9999949899, 72999.99999498973, 72999.99999498946, 72999.99999498928, 72999.99999498918]"
TEHN,"[82531.13985119853, 82521.62214805139, 82509.46753847529, 82498.36233870155, 82489.67702893424, 82483.68769796798, 82480.18533864524, 82478.78023277735, 82479.04832503991, 82480.59307137737, 82483.06853143731, 82486.18369572796, 82489.70188462408, 82493.43196774134, 82497.22648786701, 82500.97256557638, 82504.58843511296, 82508.01782560302, 82511.22415153077, 82514.18778992957, 82516.90115401288, 82519.36621585628, 82521.59082097933, 82523.5875454382, 82525.371342781, 82526.9584968919, 82528.36532221409, 82529.60867102956, 82530.70406120969, 82531.66614478687]"
TEL,"[34782.970932006836, 34782.61312866211, 34743.25476074219, 34748.71740722656, 34773.392181396484, 34768.0715637207, 34794.68557739258, 34830.829177856445, 34833.549575805664, 34863.116149902344, 34899.17234802246, 34930.00762176514, 34949.96130371094, 34955.9538269043, 34947.65333557129, 34900.04364013672, 34893.269958496094, 34868.61976623535, 34856.113037109375, 34891.60111999512, 34920.41794586182, 34966.22360229492, 34991.073181152344, 35005.96708679199, 35044.48147583008, 35094.89350891113, 35129.05416870117, 35118.11795043945, 35120.730461120605, 35123.05481719971]"
TETE,"[155817.79415011406, 156980.25941252708, 158364.72303271294, 159591.11109375954, 160527.0544230938, 161163.59946131706, 161546.2627351284, 161737.15761303902, 161796.27606272697, 161773.19023013115, 161705.36779761314, 161618.82712244987, 161530.16504645348, 161449.11505579948, 161813.46564888954, 161705.49258589745, 161500.24705529213, 161292.41216778755, 161124.40034151077, 161008.36283564568, 160940.78997969627, 160911.54272556305, 160909.1249525547, 160923.0544447899, 160945.017182827, 160969.1637158394, 160991.67240262032, 161010.45303940773, 161024.74129796028, 161034.4279885292]"
TIGA,"[28200.0, 28200.0, 28200.0, 28200.0, 28200.0, 28200.0, 28200.0, 28200.0, 28200.0, 28200.0, 28200.0, 28200.0, 28200.0, 28200.0, 28200.0, 28200.0, 28200.0, 28200.0, 28200.0, 28200.0, 28200.0, 28200.0, 28200.0, 28200.0, 28200.0, 28200.0, 28200.0, 28200.0, 28200.0, 28200.0]"
TIKV,"[10409.394573885947, 10284.824640024453, 10118.473028298467, 9947.964447317645, 9792.612903052941, 9659.889784408733, 9550.577531568706, 9462.232705205679, 9391.30150899291, 9334.247534163296, 9288.051451556385, 9250.336167402565, 9219.321091659367, 9193.699927069247, 9172.51109611243, 9155.03293927759, 9140.695889480412, 9129.04089782387, 9119.66694612056, 9112.229747697711, 9106.418188661337, 8923.247804865241, 8949.089486151934, 9001.466705463827, 9050.798871554434, 9085.06401348859, 9103.486338630319, 9109.687049873173, 9108.175046741962, 9102.826780639589]"
TKPR,"[29911.30121052265, 29918.007507920265, 29929.44636940956, 29941.944628953934, 29953.717574477196, 29964.041650295258, 29972.79816865921, 29980.132192373276, 29986.288130283356, 29991.517424583435, 29996.023163199425, 29999.969750642776, 30003.467962145805, 30006.582856178284, 30009.37069952488, 30011.862263083458, 30014.070734381676, 30016.01369678974, 30017.712250351906, 30019.181340932846, 30020.442947745323, 30021.514654159546, 30022.41052687168, 30023.163095116615, 30023.790821433067, 30024.306893348694, 30024.729773402214, 30025.078803300858, 30025.36629140377, 30025.599271059036]"
TKVS,"[362641.6684895754, 362663.3574962616, 362137.8449231386, 361193.1247830391, 360010.5728805065, 358763.2426917553, 357578.63568365574, 356533.96268188953, 355664.2114341259, 354974.57914948463, 354451.5123218298, 354071.77636921406, 353808.4850758314, 353635.32969355583, 353528.9567500353, 353469.63043808937, 353441.6572242975, 355493.96037459373, 358015.25220274925, 358534.4975531101, 358293.11606287956, 357816.8241173029, 357321.98526859283, 356879.78090047836, 356499.2636680603, 356169.2239046097, 355875.9042918682, 355608.3159595728, 355359.8350137472, 355127.08157002926]"
TNB,"[3048185.322511792, 3052274.8121572733, 3059923.741141796, 3068393.7223804593, 3077018.0181482434, 3085043.3014051914, 3091883.857285261, 3097593.4948627353, 3102323.436191201, 3106108.6262441874, 3108951.229754567, 3111003.7057661414, 3112530.460937023, 3113776.728577018, 3114752.713855386, 3115576.240089953, 3116055.8830451965, 3116381.211471319, 3116884.6664881706, 3117548.9302327633, 3096382.172196269, 3092224.9573366046, 3099378.7809882164, 3109201.101777673, 3118208.5552640557, 3125219.197298467, 3129104.583558738, 3130822.144470036, 3131808.644165218, 3131690.2023522854]"
TRDB,"[0.0, 0.0, 0.0, 0.0, 0.0, 0.0, 0.0, 0.0, 0.0, 0.0, 0.0, 0.0, 0.0, 0.0, 0.0, 0.0, 0.0, 0.0, 0.0, 0.0, 0.0, 0.0, 0.0, 0.0, 0.0, 0.0, 0.0, 0.0, 0.0, 0.0]"
TRPS,"[99855.46007752419, 99713.60750496387, 99486.39009147882, 99227.61127352715, 98977.38501429558, 98760.18539071083, 98587.7038538456, 98462.69741654396, 98382.35139846802, 98340.81426262856, 98330.94701170921, 98345.44524550438, 98377.52684950829, 98421.27576470375, 98471.79681062698, 98525.20897984505, 98578.58300209045, 98629.81453537941, 98677.49378085136, 98720.76719999313, 98759.21666622162, 98792.74904727936, 98821.50009274483, 98845.76201438904, 98865.92283844948, 98882.4200630188, 98895.70862054825, 98906.23092651367, 98914.41196203232, 98920.63587903976]"
TRUB,"[9999.999818953074, 9999.999818753597, 9999.99981850182, 9999.999818266078, 9999.999818071403, 9999.999817919655, 9999.99981780391, 9999.999817714415, 9999.999817642965, 9999.99981758339, 9999.999817531672, 9999.99981748598, 9999.999817445816, 9999.999817410775, 9999.999817381555, 9999.999817358243, 9999.99981734113, 9999.999817330041, 9999.999817324773, 9999.999817324715, 9999.999817329197, 9999.999817337375, 9999.999817348493, 9999.999817361822, 9999.999817376607, 9999.999817392236, 9999.999817408156, 9999.99981742393, 9999.999817438977, 9999.999817453325]"
TSMP,"[6724.619352817536, 6736.268937587739, 6748.5838174819955, 6759.263300895692, 6767.623746395112, 6773.666763305665, 6777.684926986695, 6780.064797401429, 6781.192612648011, 6781.410193443299, 6781.001746654511, 6780.193543434144, 6779.157459735871, 6778.0187010765085, 6776.866424083711, 6775.758242607118, 6774.730527400971, 6773.80098104477, 6772.977650165559, 6772.25924730301, 6771.63965702057, 6771.1108326911935, 6770.661187171937, 6770.28170824051, 6769.9633836746225, 6769.695270061494, 6769.470930099488, 6769.283604621888, 6769.125890731812, 6768.992960453034]"
TSZS,"[36861.18982248008, 37527.46801455505, 38581.48913811892, 39825.976867973804, 41125.223948433995, 42388.87203373015, 43559.867269173265, 44605.96862696111, 45513.19387257099, 46280.463994294405, 46915.25655314326, 47430.17515614629, 47840.28549194336, 48161.31566166878, 48408.402432501316, 48595.35478502512, 48734.29950773716, 48835.55582240224, 48907.71534740925, 48957.754638791084, 48991.27508029342, 49012.63418123126, 49025.24074986577, 49031.67730644345, 49033.87975394726, 49033.294343203306, 49030.9290073812, 49027.55080237985, 49023.66616278887, 49019.63640451431]"
TTK,"[109575.22929906844, 110110.27936935423, 110644.90363597868, 110661.16748452185, 110460.28072237967, 110289.60750699042, 110500.62099099158, 110712.6989841461, 110869.84830498694, 110959.02640223502, 110995.13640403746, 110999.09822940825, 110670.2944934368, 110671.82183265685, 110382.52527117728, 110079.25124168395, 109889.15767669676, 109659.98274087904, 109520.39319276808, 109410.32294631003, 109269.96510028838, 109140.04870057105, 109516.7368352413, 109926.60988569258, 110272.35320210455, 110521.36503458022, 110359.35599803923, 110126.20998024939, 109896.05384469031, 110108.50210189818]"
TTKO,"[12.731723254546523, 25.236206129193306, 34.99044105410576, 38.781631737947464, 36.267004907131195, 28.532682918012142, 17.16731465421617, 3.7425989285111427, -10.429362300783396, -24.374276399612427, -37.44376823306084, -49.26362540572882, -59.669543989002705, -68.64408496767282, -76.26510225236416, -82.6636329293251, -87.99498900771141, -92.41778403520584, -96.08164429664612, -99.12064298987389, -101.64979845285416, -103.76546531915665, -105.54634034633636, -107.05512017011642, -108.34211483597755, -109.44629088044167, -110.39867997169495, -111.22291907668114, -111.93832382559776, -112.55983263254166]"
UNI,"[384937.9661619663, 389304.8196583986, 383079.8453092575, 376177.735427022, 380644.70642507076, 387506.0074329376, 394828.16099226475, 391202.91861891747, 396368.5440301895, 401651.7735660076, 396301.11010074615, 389325.8724987507, 382758.31838846207, 377493.1630909443, 373799.1291940212, 371620.5958634615, 370750.43881237507, 370928.0810177326, 383274.042057991, 395073.68290424347, 405367.32634305954, 403820.64163684845, 409225.40624141693, 405053.093957901, 399157.9339325428, 393358.02838504314, 388483.55625867844, 384817.7278995514, 382356.71367645264, 380960.03299057484]"
USJE,"[2762282.578647136, 2761952.58885622, 2760624.888837337, 2758922.044038772, 2757182.071805, 2755578.71133089, 2754188.367724418, 2753034.4069004054, 2752110.378146171, 2751396.6426253314, 2750868.6876296992, 2752062.4995231624, 2751551.3163805003, 2751918.2902574535, 2752221.04370594, 2752211.7260098453, 2751918.2902574535, 2752935.926020145, 2752091.8861031528, 2752120.5559372897, 2752114.965319633, 2751850.4860997195, 2751361.5220785136, 2750761.7491483684, 2750159.825980663, 2749634.3079209323, 2749228.6297678943, 2748957.1264386172, 2748815.35410881, 2748787.544369697]"
VFPM,"[0.0007222617277875543, 0.0007218918181024492, 0.0007214999059215188, 0.0007211535703390837, 0.0007208254537545145, 0.0007204737630672753, 0.0007200712570920587, 0.0007196110673248768, 0.0007191018667072058, 0.0007185619324445724, 0.0007180134998634458, 0.0007174779893830419, 0.0007169733289629221, 0.0007165127899497747, 0.0007161052199080586, 0.0007157544605433941, 0.0007154618506319821, 0.0007152241887524724, 0.0007150376914069057, 0.0007148965960368514, 0.0007147951982915401, 0.0007147270953282714, 0.0007146861171349883, 0.0007146670250222087, 0.0007146646967157722, 0.0007146748248487711, 0.0007146941497921944, 0.000714719295501709, 0.0007147482829168439, 0.0007147787837311625]"
VARG,"[34162.57107257843, 34095.67361474037, 34050.25294423103, 34018.52922439575, 33995.79539299011, 33977.873051166534, 33961.90872192383, 33946.3425219059, 33930.52830696106, 33914.41777944565, 33898.24329018593, 33882.37947225571, 33867.169630527496, 33852.90485620499, 33839.7705078125, 33827.88667678833, 33817.271637916565, 33807.90711641312, 33799.72262382507, 33792.61503815651, 33786.48254275322, 33781.20504617691, 33776.68986916542, 33772.81692028046, 33769.50657367706, 33766.67137145996, 33764.251267910004, 33762.17969059944, 33760.40181517601, 33758.883702754974]"
VROS,"[314920.0449585915, 312539.42003846174, 309439.3944740296, 306462.3632133007, 303965.18102288246, 302041.35985672474, 300655.61574697495, 299720.3995138407, 299136.7014795542, 298813.4868890047, 298675.3761470318, 298663.9570891857, 298736.05370521545, 298861.00950837135, 299017.62557029724, 299191.68792665005, 299373.76204133034, 299557.6917529106, 299739.3975108862, 299916.17649793625, 300086.14549040794, 300247.9830086231, 300400.68528056145, 300543.59847307205, 300676.2437224388, 300798.3539700508, 300909.8647534847, 301010.86816191673, 301101.58520936966, 301182.4164837599]"
VITA,"[923712.7594470978, 923900.0044584274, 923998.5852956772, 924140.0546550751, 924367.5939559937, 924678.692650795, 925049.7097492218, 925450.727891922, 925853.7126302719, 926236.2364053726, 926582.8593492508, 926884.7108602524, 927137.9414319992, 927343.2205438614, 927503.728222847, 927624.36003685, 927710.9320878983, 927769.3023204803, 927805.0357818604, 927823.279094696, 927828.3838748932, 927824.0322589874, 927813.1950616837, 927337.4881267548, 927615.4475927353, 927828.3420324326, 927915.3743505478, 927888.9717578888, 927780.6834697723, 927154.8457860947]"
VSC,"[12266.292065475136, 12308.090239868034, 12366.773941135034, 12423.418032936752, 12467.92942341417, 12496.674666926265, 12510.08055768907, 12510.696341469884, 12501.846034638584, 12486.809550225735, 12468.398346193135, 12448.796802386642, 12429.561458341777, 12411.700541339815, 12395.783912949264, 12382.056965120137, 12370.539705455303, 12361.108307680115, 12353.557334421203, 12347.643091343343, 12343.115513725206, 12339.734592614695, 12337.283743545413, 12335.57211693842, 12334.437872073613, 12333.746782620437, 12333.388486295007, 12333.274590200745, 12333.33484902978, 12333.515114500187]"
VTKS,"[89922.36557006836, 89900.57029724121, 89848.6644744873, 89784.3864440918, 89717.95806884766, 89654.82902526855, 89597.62687683105, 89547.3461151123, 89504.0542602539, 89467.33589172363, 89436.5478515625, 89410.97145080566, 89389.88456726074, 89372.61772155762, 89358.56552124023, 89347.19352722168, 89338.04740905762, 89330.7300567627, 89324.9095916748, 89320.30334472656, 89316.68586730957, 89313.8557434082, 89311.66191101074, 89309.96932983398, 89308.67958068848, 89307.69996643066, 89306.96411132812, 89306.42166137695, 89306.02226257324, 89305.73616027832]"
ZAS,"[10150.261569023132, 10251.510739326477, 10439.514309167862, 10696.665340662003, 11006.896954774857, 11355.770045518875, 11730.645334720612, 12120.813256502151, 12517.515885829926, 12913.81705403328, 13304.448848962784, 13685.558593273163, 14054.460883140564, 14409.398061037064, 14749.329364299774, 15073.736941814423, 15382.492595911026, 15675.736331939697, 15953.783583641052, 16217.074608802795, 16466.113764047623, 16701.456010341644, 16923.666429519653, 17133.33034515381, 17331.017899513245, 17517.29754805565, 17692.71919131279, 17857.83104300499, 18013.149267435074, 18159.186655282974]"
ZILU,"[13046.45650982857, 13048.325803875925, 13056.57826960087, 13068.595257401468, 13082.086387276651, 13095.396661758425, 13107.48189687729, 13117.79201924801, 13126.131159067156, 13132.534122467043, 13137.172892689707, 13140.285652875902, 13142.134472727777, 13142.973232269289, 13143.040797114374, 13142.537131905558, 13141.63558483124, 13140.474697947504, 13139.169809222223, 13137.801450490953, 13136.43718659878, 13135.122060775759, 13133.884736895563, 13132.747736573221, 13131.718567013742, 13130.804052948954, 13129.999417066576, 13129.300564527513, 13149.533846974375, 13148.420733213427]"
ZILUP,"[56000.0, 56000.0, 56000.0, 56000.0, 56000.0, 56000.0, 56000.0, 56000.0, 56000.0, 56000.0, 56000.0, 56000.0, 56000.0, 56000.0, 56000.0, 56000.0, 56000.0, 56000.0, 56000.0, 56000.0, 56000.0, 56000.0, 56000.0, 56000.0, 56000.0, 56000.0, 56000.0, 56000.0, 56000.0, 56000.0]"
ZIMS,"[126691.89047813416, 126700.96719264984, 126705.1719725132, 126708.97886157036, 126715.59500694275, 126726.11683607101, 126740.33087491989, 126757.33789801598, 126776.00041031837, 126795.21346092224, 126814.03985619545, 126831.77718520164, 126847.94968366623, 126862.28770017624, 126874.68934059143, 126885.1763010025, 126893.85551214218, 126900.8896946907, 126906.47062659264, 126910.79938411713, 126914.07123208046, 126916.47174954414, 126918.16636919975, 126919.29960250854, 126919.99813914299, 126920.3650355339, 126920.48707604408, 126920.43477296829, 126920.2615916729, 126920.0109243393]"
ZKAR,"[72572.125390172, 72740.8237606287, 73039.13353383541, 73424.01039600372, 73861.77502572536, 74327.30303704739, 74802.58959531784, 75275.22224187851, 75736.96272075176, 76182.6259791851, 76609.18290913105, 77015.08224010468, 77399.78355169296, 77763.39469850063, 78106.4365953207, 78429.67110872269, 78733.99205505848, 79020.34832537174, 79289.70257937908, 79542.99911856651, 79781.14093840122, 80004.99546527863, 80215.38423001766, 80413.08057308197, 80598.80505502224, 80773.24840426445, 80937.04971671104, 81090.8228456974, 81235.1323068142, 81370.52655220032]"
ZPKO,"[350417.838460207, 350390.9397125244, 350341.82868003845, 349296.08902931213, 348668.49031448364, 348339.06295895576, 348211.81193590164, 348209.7010910511, 348283.1158876419, 348399.4060099125, 348537.1918916702, 348682.3366820812, 348825.85476636887, 350928.27560305595, 353318.17801594734, 353763.2564306259, 355029.72460985184, 354687.7871096134, 353777.1027982235, 352728.8649916649, 351792.25021004677, 352914.8129940033, 352859.44688916206, 352402.2843718529, 351810.5506539345, 351265.25552272797, 350834.21713113785, 350528.1833589077, 350332.02971220016, 350221.2975025177]"
ZPOG,"[272053.32212150097, 272211.67862415314, 272356.6281795502, 272504.78856265545, 272657.85701572895, 272811.0711276531, 272958.77553522587, 273096.7081338167, 273222.6460427046, 273336.07628941536, 273437.6575052738, 273528.8146138191, 273611.07386648655, 273685.9171837568, 273754.53516840935, 273817.8587704897, 273876.47695839405, 273930.83937466145, 273981.09801113605, 274027.41752564907, 274069.791585207, 274108.3151847124, 274143.0326551199, 274174.03899133205, 274201.46718621254, 274225.5515605211, 274246.456772089, 274264.44247365, 274279.77465093136, 274292.71928966045]"
ZUAS,"[212248.2628583908, 212251.96266174316, 212260.77889502048, 212272.85281419754, 212286.70054972172, 212301.10761523247, 212315.13014137745, 212328.0845940113, 212339.52515423298, 212349.20547008514, 212357.0373237133, 212363.05094361305, 212367.36436486244, 212370.14476954937, 212371.58895134926, 212371.90707027912, 212371.30250036716, 212369.96833384037, 212368.08018386364, 212365.79330563545, 212363.23930621147, 212360.53210794926, 212357.76033997536, 212354.9998819828, 212352.30666697025, 212349.72367286682, 212347.2811281681, 212345.00021338463, 212342.89264976978, 212340.96357822418]"
